Workbook

Sheet Chests_Dashboard
A1: =_xlfn.LET(_xlpm.d,TODAY(), _xlpm.monday,_xlpm.d-WEEKDAY(_xlpm.d,2)+1, TEXT(_xlpm.monday,"dd.mm.yyyy") & " - " & TEXT(_xlpm.monday+6,"dd.mm.yyyy")) -> 11.05.2026 - 17.05.2026 | C1: L5 Crypt | D1: L10 Crypt | E1: L15 Crypt | F1: L20 Crypt | G1: L25 Crypt | H1: L10 rare Crypt | I1: L15 rare Crypt | J1: L20 rare Crypt | K1: L25 rare Crypt | L1: L30 rare Crypt | M1: L15 epic Crypt | N1: L20 epic Crypt | O1: L25 epic Crypt | P1: L30 epic Crypt | Q1: L35 epic Crypt | R1: L10 Citadel | S1: L15 Citadel | T1: L20 Citadel | U1: L25 Citadel | V1: L30 Citadel | W1: L16-24 Heroic | X1: L25-30 Heroic | Y1: L31+ Heroic | Z1: L40+ Heroic | AA1: Bank | AB1: Ragnarok Chests | AC1: Olympus Chests | AD1: Ancients vaults | AE1: Others | AF1: L10 Tartaros Crypt | AG1: L15 Tartaros Crypt | AH1: L20 Tartaros Crypt | AI1: L25 Tartaros Crypt | AJ1: L30 Tartaros Crypt | AK1: L35 Tartaros Crypt | AL1: Ancients Chests | AM1: Epic Monster Chests
A2: Points per chest: | C2: 10 | D2: 20 | E2: 30 | F2: 40 | G2: 50 | H2: 10 | I2: 20 | J2: 20 | K2: 50 | L2: 80 | M2: 30 | N2: 50 | O2: 100 | P2: 200 | Q2: 300 | R2: 10 | S2: 20 | T2: 50 | U2: 160 | V2: 250 | W2: 20 | X2: 40 | Y2: 80 | Z2: 200 | AA2: 40 | AB2: 20 | AC2: 20 | AD2: 50 | AE2: 5 | AF2: 10 | AG2: 20 | AH2: 30 | AI2: 40 | AJ2: 80 | AK2: 120 | AL2: 0.1 | AM2: 100
A3: Weekly requirement -> | B3: 2000 | C3: Total Chest Count -> | H3: =SUM(C4:AM4) -> 301
A4: Total Chest Point -> | B4: =SUM(B5:B120) -> 6900 | C4: =SUM(C5:C111) -> 64 | D4: =SUM(D5:D111) -> 86 | E4: =SUM(E5:E111) -> 37 | F4: =SUM(F5:F111) -> 1 | G4: =SUM(G5:G111) -> 0 | H4: =SUM(H5:H111) -> 3 | I4: =SUM(I5:I111) -> 3 | J4: =SUM(J5:J111) -> 0 | ... AM4: =SUM(AM5:AM111) -> 0
A5: =chests_counter!$H2 -> Absolutus | B5: {=IF(A5<>"", SUMPRODUCT(($C$2:$AM$2<>0)*(C5:AM5<>0)*($C$2:$AM$2)*(C5:AM5)), "")} -> 40 | C5: =IF($A5="","",IF(C$1="","",COUNTIFS(tbl_chests[from],$A5,tbl_chests[legalized],C$1,tbl_chests[datetime],">="&TODAY()-WEEKDAY(TODAY(),2)+1,tbl_chests[datetime],"<"&TODAY()-WEEKDAY(TODAY(),2)+8))) -> 0 | D5: =IF($A5="","",IF(D$1="","",COUNTIFS(tbl_chests[from],$A5,tbl_chests[legalized],D$1,tbl_chests[datetime],">="&TODAY()-WEEKDAY(TODAY(),2)+1,tbl_chests[datetime],"<"&TODAY()-WEEKDAY(TODAY(),2)+8))) -> 1 | E5: =IF($A5="","",IF(E$1="","",COUNTIFS(tbl_chests[from],$A5,tbl_chests[legalized],E$1,tbl_chests[datetime],">="&TODAY()-WEEKDAY(TODAY(),2)+1,tbl_chests[datetime],"<"&TODAY()-WEEKDAY(TODAY(),2)+8))) -> 0 | F5: =IF($A5="","",IF(F$1="","",COUNTIFS(tbl_chests[from],$A5,tbl_chests[legalized],F$1,tbl_chests[datetime],">="&TODAY()-WEEKDAY(TODAY(),2)+1,tbl_chests[datetime],"<"&TODAY()-WEEKDAY(TODAY(),2)+8))) -> 0 | G5: =IF($A5="","",IF(G$1="","",COUNTIFS(tbl_chests[from],$A5,tbl_chests[legalized],G$1,tbl_chests[datetime],">="&TODAY()-WEEKDAY(TODAY(),2)+1,tbl_chests[datetime],"<"&TODAY()-WEEKDAY(TODAY(),2)+8))) -> 0 | H5: =IF($A5="","",IF(H$1="","",COUNTIFS(tbl_chests[from],$A5,tbl_chests[legalized],H$1,tbl_chests[datetime],">="&TODAY()-WEEKDAY(TODAY(),2)+1,tbl_chests[datetime],"<"&TODAY()-WEEKDAY(TODAY(),2)+8))) -> 0 | I5: =IF($A5="","",IF(I$1="","",COUNTIFS(tbl_chests[from],$A5,tbl_chests[legalized],I$1,tbl_chests[datetime],">="&TODAY()-WEEKDAY(TODAY(),2)+1,tbl_chests[datetime],"<"&TODAY()-WEEKDAY(TODAY(),2)+8))) -> 0 | J5: =IF($A5="","",IF(J$1="","",COUNTIFS(tbl_chests[from],$A5,tbl_chests[legalized],J$1,tbl_chests[datetime],">="&TODAY()-WEEKDAY(TODAY(),2)+1,tbl_chests[datetime],"<"&TODAY()-WEEKDAY(TODAY(),2)+8))) -> 0 | ... AM5: =IF($A5="","",IF(AM$1="","",COUNTIFS(tbl_chests[from],$A5,tbl_chests[legalized],AM$1,tbl_chests[datetime],">="&TODAY()-WEEKDAY(TODAY(),2)+1,tbl_chests[datetime],"<"&TODAY()-WEEKDAY(TODAY(),2)+8))) -> 0
A6: =chests_counter!$H3 -> aladred | B6: {=IF(A6<>"", SUMPRODUCT(($C$2:$AM$2<>0)*(C6:AM6<>0)*($C$2:$AM$2)*(C6:AM6)), "")} -> 270 | C6: =IF($A6="","",IF(C$1="","",COUNTIFS(tbl_chests[from],$A6,tbl_chests[legalized],C$1,tbl_chests[datetime],">="&TODAY()-WEEKDAY(TODAY(),2)+1,tbl_chests[datetime],"<"&TODAY()-WEEKDAY(TODAY(),2)+8))) -> 1 | D6: =IF($A6="","",IF(D$1="","",COUNTIFS(tbl_chests[from],$A6,tbl_chests[legalized],D$1,tbl_chests[datetime],">="&TODAY()-WEEKDAY(TODAY(),2)+1,tbl_chests[datetime],"<"&TODAY()-WEEKDAY(TODAY(),2)+8))) -> 1 | E6: =IF($A6="","",IF(E$1="","",COUNTIFS(tbl_chests[from],$A6,tbl_chests[legalized],E$1,tbl_chests[datetime],">="&TODAY()-WEEKDAY(TODAY(),2)+1,tbl_chests[datetime],"<"&TODAY()-WEEKDAY(TODAY(),2)+8))) -> 0 | F6: =IF($A6="","",IF(F$1="","",COUNTIFS(tbl_chests[from],$A6,tbl_chests[legalized],F$1,tbl_chests[datetime],">="&TODAY()-WEEKDAY(TODAY(),2)+1,tbl_chests[datetime],"<"&TODAY()-WEEKDAY(TODAY(),2)+8))) -> 0 | G6: =IF($A6="","",IF(G$1="","",COUNTIFS(tbl_chests[from],$A6,tbl_chests[legalized],G$1,tbl_chests[datetime],">="&TODAY()-WEEKDAY(TODAY(),2)+1,tbl_chests[datetime],"<"&TODAY()-WEEKDAY(TODAY(),2)+8))) -> 0 | H6: =IF($A6="","",IF(H$1="","",COUNTIFS(tbl_chests[from],$A6,tbl_chests[legalized],H$1,tbl_chests[datetime],">="&TODAY()-WEEKDAY(TODAY(),2)+1,tbl_chests[datetime],"<"&TODAY()-WEEKDAY(TODAY(),2)+8))) -> 0 | I6: =IF($A6="","",IF(I$1="","",COUNTIFS(tbl_chests[from],$A6,tbl_chests[legalized],I$1,tbl_chests[datetime],">="&TODAY()-WEEKDAY(TODAY(),2)+1,tbl_chests[datetime],"<"&TODAY()-WEEKDAY(TODAY(),2)+8))) -> 0 | J6: =IF($A6="","",IF(J$1="","",COUNTIFS(tbl_chests[from],$A6,tbl_chests[legalized],J$1,tbl_chests[datetime],">="&TODAY()-WEEKDAY(TODAY(),2)+1,tbl_chests[datetime],"<"&TODAY()-WEEKDAY(TODAY(),2)+8))) -> 0 | ... AM6: =IF($A6="","",IF(AM$1="","",COUNTIFS(tbl_chests[from],$A6,tbl_chests[legalized],AM$1,tbl_chests[datetime],">="&TODAY()-WEEKDAY(TODAY(),2)+1,tbl_chests[datetime],"<"&TODAY()-WEEKDAY(TODAY(),2)+8))) -> 0
A7: =chests_counter!$H4 -> Amr ibn al Aas | B7: {=IF(A7<>"", SUMPRODUCT(($C$2:$AM$2<>0)*(C7:AM7<>0)*($C$2:$AM$2)*(C7:AM7)), "")} -> 20 | C7: =IF($A7="","",IF(C$1="","",COUNTIFS(tbl_chests[from],$A7,tbl_chests[legalized],C$1,tbl_chests[datetime],">="&TODAY()-WEEKDAY(TODAY(),2)+1,tbl_chests[datetime],"<"&TODAY()-WEEKDAY(TODAY(),2)+8))) -> 0 | D7: =IF($A7="","",IF(D$1="","",COUNTIFS(tbl_chests[from],$A7,tbl_chests[legalized],D$1,tbl_chests[datetime],">="&TODAY()-WEEKDAY(TODAY(),2)+1,tbl_chests[datetime],"<"&TODAY()-WEEKDAY(TODAY(),2)+8))) -> 1 | E7: =IF($A7="","",IF(E$1="","",COUNTIFS(tbl_chests[from],$A7,tbl_chests[legalized],E$1,tbl_chests[datetime],">="&TODAY()-WEEKDAY(TODAY(),2)+1,tbl_chests[datetime],"<"&TODAY()-WEEKDAY(TODAY(),2)+8))) -> 0 | F7: =IF($A7="","",IF(F$1="","",COUNTIFS(tbl_chests[from],$A7,tbl_chests[legalized],F$1,tbl_chests[datetime],">="&TODAY()-WEEKDAY(TODAY(),2)+1,tbl_chests[datetime],"<"&TODAY()-WEEKDAY(TODAY(),2)+8))) -> 0 | G7: =IF($A7="","",IF(G$1="","",COUNTIFS(tbl_chests[from],$A7,tbl_chests[legalized],G$1,tbl_chests[datetime],">="&TODAY()-WEEKDAY(TODAY(),2)+1,tbl_chests[datetime],"<"&TODAY()-WEEKDAY(TODAY(),2)+8))) -> 0 | H7: =IF($A7="","",IF(H$1="","",COUNTIFS(tbl_chests[from],$A7,tbl_chests[legalized],H$1,tbl_chests[datetime],">="&TODAY()-WEEKDAY(TODAY(),2)+1,tbl_chests[datetime],"<"&TODAY()-WEEKDAY(TODAY(),2)+8))) -> 0 | I7: =IF($A7="","",IF(I$1="","",COUNTIFS(tbl_chests[from],$A7,tbl_chests[legalized],I$1,tbl_chests[datetime],">="&TODAY()-WEEKDAY(TODAY(),2)+1,tbl_chests[datetime],"<"&TODAY()-WEEKDAY(TODAY(),2)+8))) -> 0 | J7: =IF($A7="","",IF(J$1="","",COUNTIFS(tbl_chests[from],$A7,tbl_chests[legalized],J$1,tbl_chests[datetime],">="&TODAY()-WEEKDAY(TODAY(),2)+1,tbl_chests[datetime],"<"&TODAY()-WEEKDAY(TODAY(),2)+8))) -> 0 | ... AM7: =IF($A7="","",IF(AM$1="","",COUNTIFS(tbl_chests[from],$A7,tbl_chests[legalized],AM$1,tbl_chests[datetime],">="&TODAY()-WEEKDAY(TODAY(),2)+1,tbl_chests[datetime],"<"&TODAY()-WEEKDAY(TODAY(),2)+8))) -> 0
A8: =chests_counter!$H5 -> ARBA33 | B8: {=IF(A8<>"", SUMPRODUCT(($C$2:$AM$2<>0)*(C8:AM8<>0)*($C$2:$AM$2)*(C8:AM8)), "")} -> 30 | C8: =IF($A8="","",IF(C$1="","",COUNTIFS(tbl_chests[from],$A8,tbl_chests[legalized],C$1,tbl_chests[datetime],">="&TODAY()-WEEKDAY(TODAY(),2)+1,tbl_chests[datetime],"<"&TODAY()-WEEKDAY(TODAY(),2)+8))) -> 1 | D8: =IF($A8="","",IF(D$1="","",COUNTIFS(tbl_chests[from],$A8,tbl_chests[legalized],D$1,tbl_chests[datetime],">="&TODAY()-WEEKDAY(TODAY(),2)+1,tbl_chests[datetime],"<"&TODAY()-WEEKDAY(TODAY(),2)+8))) -> 1 | E8: =IF($A8="","",IF(E$1="","",COUNTIFS(tbl_chests[from],$A8,tbl_chests[legalized],E$1,tbl_chests[datetime],">="&TODAY()-WEEKDAY(TODAY(),2)+1,tbl_chests[datetime],"<"&TODAY()-WEEKDAY(TODAY(),2)+8))) -> 0 | F8: =IF($A8="","",IF(F$1="","",COUNTIFS(tbl_chests[from],$A8,tbl_chests[legalized],F$1,tbl_chests[datetime],">="&TODAY()-WEEKDAY(TODAY(),2)+1,tbl_chests[datetime],"<"&TODAY()-WEEKDAY(TODAY(),2)+8))) -> 0 | G8: =IF($A8="","",IF(G$1="","",COUNTIFS(tbl_chests[from],$A8,tbl_chests[legalized],G$1,tbl_chests[datetime],">="&TODAY()-WEEKDAY(TODAY(),2)+1,tbl_chests[datetime],"<"&TODAY()-WEEKDAY(TODAY(),2)+8))) -> 0 | H8: =IF($A8="","",IF(H$1="","",COUNTIFS(tbl_chests[from],$A8,tbl_chests[legalized],H$1,tbl_chests[datetime],">="&TODAY()-WEEKDAY(TODAY(),2)+1,tbl_chests[datetime],"<"&TODAY()-WEEKDAY(TODAY(),2)+8))) -> 0 | I8: =IF($A8="","",IF(I$1="","",COUNTIFS(tbl_chests[from],$A8,tbl_chests[legalized],I$1,tbl_chests[datetime],">="&TODAY()-WEEKDAY(TODAY(),2)+1,tbl_chests[datetime],"<"&TODAY()-WEEKDAY(TODAY(),2)+8))) -> 0 | J8: =IF($A8="","",IF(J$1="","",COUNTIFS(tbl_chests[from],$A8,tbl_chests[legalized],J$1,tbl_chests[datetime],">="&TODAY()-WEEKDAY(TODAY(),2)+1,tbl_chests[datetime],"<"&TODAY()-WEEKDAY(TODAY(),2)+8))) -> 0 | ... AM8: =IF($A8="","",IF(AM$1="","",COUNTIFS(tbl_chests[from],$A8,tbl_chests[legalized],AM$1,tbl_chests[datetime],">="&TODAY()-WEEKDAY(TODAY(),2)+1,tbl_chests[datetime],"<"&TODAY()-WEEKDAY(TODAY(),2)+8))) -> 0
A9: =chests_counter!$H6 -> Attila the hun | B9: {=IF(A9<>"", SUMPRODUCT(($C$2:$AM$2<>0)*(C9:AM9<>0)*($C$2:$AM$2)*(C9:AM9)), "")} -> 400 | C9: =IF($A9="","",IF(C$1="","",COUNTIFS(tbl_chests[from],$A9,tbl_chests[legalized],C$1,tbl_chests[datetime],">="&TODAY()-WEEKDAY(TODAY(),2)+1,tbl_chests[datetime],"<"&TODAY()-WEEKDAY(TODAY(),2)+8))) -> 0 | D9: =IF($A9="","",IF(D$1="","",COUNTIFS(tbl_chests[from],$A9,tbl_chests[legalized],D$1,tbl_chests[datetime],">="&TODAY()-WEEKDAY(TODAY(),2)+1,tbl_chests[datetime],"<"&TODAY()-WEEKDAY(TODAY(),2)+8))) -> 0 | E9: =IF($A9="","",IF(E$1="","",COUNTIFS(tbl_chests[from],$A9,tbl_chests[legalized],E$1,tbl_chests[datetime],">="&TODAY()-WEEKDAY(TODAY(),2)+1,tbl_chests[datetime],"<"&TODAY()-WEEKDAY(TODAY(),2)+8))) -> 4 | F9: =IF($A9="","",IF(F$1="","",COUNTIFS(tbl_chests[from],$A9,tbl_chests[legalized],F$1,tbl_chests[datetime],">="&TODAY()-WEEKDAY(TODAY(),2)+1,tbl_chests[datetime],"<"&TODAY()-WEEKDAY(TODAY(),2)+8))) -> 0 | G9: =IF($A9="","",IF(G$1="","",COUNTIFS(tbl_chests[from],$A9,tbl_chests[legalized],G$1,tbl_chests[datetime],">="&TODAY()-WEEKDAY(TODAY(),2)+1,tbl_chests[datetime],"<"&TODAY()-WEEKDAY(TODAY(),2)+8))) -> 0 | H9: =IF($A9="","",IF(H$1="","",COUNTIFS(tbl_chests[from],$A9,tbl_chests[legalized],H$1,tbl_chests[datetime],">="&TODAY()-WEEKDAY(TODAY(),2)+1,tbl_chests[datetime],"<"&TODAY()-WEEKDAY(TODAY(),2)+8))) -> 0 | I9: =IF($A9="","",IF(I$1="","",COUNTIFS(tbl_chests[from],$A9,tbl_chests[legalized],I$1,tbl_chests[datetime],">="&TODAY()-WEEKDAY(TODAY(),2)+1,tbl_chests[datetime],"<"&TODAY()-WEEKDAY(TODAY(),2)+8))) -> 2 | J9: =IF($A9="","",IF(J$1="","",COUNTIFS(tbl_chests[from],$A9,tbl_chests[legalized],J$1,tbl_chests[datetime],">="&TODAY()-WEEKDAY(TODAY(),2)+1,tbl_chests[datetime],"<"&TODAY()-WEEKDAY(TODAY(),2)+8))) -> 0 | ... AM9: =IF($A9="","",IF(AM$1="","",COUNTIFS(tbl_chests[from],$A9,tbl_chests[legalized],AM$1,tbl_chests[datetime],">="&TODAY()-WEEKDAY(TODAY(),2)+1,tbl_chests[datetime],"<"&TODAY()-WEEKDAY(TODAY(),2)+8))) -> 0
A10: =chests_counter!$H7 -> Bomfur | B10: {=IF(A10<>"", SUMPRODUCT(($C$2:$AM$2<>0)*(C10:AM10<>0)*($C$2:$AM$2)*(C10:AM10)), "")} -> 40 | C10: =IF($A10="","",IF(C$1="","",COUNTIFS(tbl_chests[from],$A10,tbl_chests[legalized],C$1,tbl_chests[datetime],">="&TODAY()-WEEKDAY(TODAY(),2)+1,tbl_chests[datetime],"<"&TODAY()-WEEKDAY(TODAY(),2)+8))) -> 2 | D10: =IF($A10="","",IF(D$1="","",COUNTIFS(tbl_chests[from],$A10,tbl_chests[legalized],D$1,tbl_chests[datetime],">="&TODAY()-WEEKDAY(TODAY(),2)+1,tbl_chests[datetime],"<"&TODAY()-WEEKDAY(TODAY(),2)+8))) -> 1 | E10: =IF($A10="","",IF(E$1="","",COUNTIFS(tbl_chests[from],$A10,tbl_chests[legalized],E$1,tbl_chests[datetime],">="&TODAY()-WEEKDAY(TODAY(),2)+1,tbl_chests[datetime],"<"&TODAY()-WEEKDAY(TODAY(),2)+8))) -> 0 | F10: =IF($A10="","",IF(F$1="","",COUNTIFS(tbl_chests[from],$A10,tbl_chests[legalized],F$1,tbl_chests[datetime],">="&TODAY()-WEEKDAY(TODAY(),2)+1,tbl_chests[datetime],"<"&TODAY()-WEEKDAY(TODAY(),2)+8))) -> 0 | G10: =IF($A10="","",IF(G$1="","",COUNTIFS(tbl_chests[from],$A10,tbl_chests[legalized],G$1,tbl_chests[datetime],">="&TODAY()-WEEKDAY(TODAY(),2)+1,tbl_chests[datetime],"<"&TODAY()-WEEKDAY(TODAY(),2)+8))) -> 0 | H10: =IF($A10="","",IF(H$1="","",COUNTIFS(tbl_chests[from],$A10,tbl_chests[legalized],H$1,tbl_chests[datetime],">="&TODAY()-WEEKDAY(TODAY(),2)+1,tbl_chests[datetime],"<"&TODAY()-WEEKDAY(TODAY(),2)+8))) -> 0 | I10: =IF($A10="","",IF(I$1="","",COUNTIFS(tbl_chests[from],$A10,tbl_chests[legalized],I$1,tbl_chests[datetime],">="&TODAY()-WEEKDAY(TODAY(),2)+1,tbl_chests[datetime],"<"&TODAY()-WEEKDAY(TODAY(),2)+8))) -> 0 | J10: =IF($A10="","",IF(J$1="","",COUNTIFS(tbl_chests[from],$A10,tbl_chests[legalized],J$1,tbl_chests[datetime],">="&TODAY()-WEEKDAY(TODAY(),2)+1,tbl_chests[datetime],"<"&TODAY()-WEEKDAY(TODAY(),2)+8))) -> 0 | ... AM10: =IF($A10="","",IF(AM$1="","",COUNTIFS(tbl_chests[from],$A10,tbl_chests[legalized],AM$1,tbl_chests[datetime],">="&TODAY()-WEEKDAY(TODAY(),2)+1,tbl_chests[datetime],"<"&TODAY()-WEEKDAY(TODAY(),2)+8))) -> 0
A11: =chests_counter!$H8 -> BORU | B11: {=IF(A11<>"", SUMPRODUCT(($C$2:$AM$2<>0)*(C11:AM11<>0)*($C$2:$AM$2)*(C11:AM11)), "")} -> 40 | C11: =IF($A11="","",IF(C$1="","",COUNTIFS(tbl_chests[from],$A11,tbl_chests[legalized],C$1,tbl_chests[datetime],">="&TODAY()-WEEKDAY(TODAY(),2)+1,tbl_chests[datetime],"<"&TODAY()-WEEKDAY(TODAY(),2)+8))) -> 2 | D11: =IF($A11="","",IF(D$1="","",COUNTIFS(tbl_chests[from],$A11,tbl_chests[legalized],D$1,tbl_chests[datetime],">="&TODAY()-WEEKDAY(TODAY(),2)+1,tbl_chests[datetime],"<"&TODAY()-WEEKDAY(TODAY(),2)+8))) -> 1 | E11: =IF($A11="","",IF(E$1="","",COUNTIFS(tbl_chests[from],$A11,tbl_chests[legalized],E$1,tbl_chests[datetime],">="&TODAY()-WEEKDAY(TODAY(),2)+1,tbl_chests[datetime],"<"&TODAY()-WEEKDAY(TODAY(),2)+8))) -> 0 | F11: =IF($A11="","",IF(F$1="","",COUNTIFS(tbl_chests[from],$A11,tbl_chests[legalized],F$1,tbl_chests[datetime],">="&TODAY()-WEEKDAY(TODAY(),2)+1,tbl_chests[datetime],"<"&TODAY()-WEEKDAY(TODAY(),2)+8))) -> 0 | G11: =IF($A11="","",IF(G$1="","",COUNTIFS(tbl_chests[from],$A11,tbl_chests[legalized],G$1,tbl_chests[datetime],">="&TODAY()-WEEKDAY(TODAY(),2)+1,tbl_chests[datetime],"<"&TODAY()-WEEKDAY(TODAY(),2)+8))) -> 0 | H11: =IF($A11="","",IF(H$1="","",COUNTIFS(tbl_chests[from],$A11,tbl_chests[legalized],H$1,tbl_chests[datetime],">="&TODAY()-WEEKDAY(TODAY(),2)+1,tbl_chests[datetime],"<"&TODAY()-WEEKDAY(TODAY(),2)+8))) -> 0 | I11: =IF($A11="","",IF(I$1="","",COUNTIFS(tbl_chests[from],$A11,tbl_chests[legalized],I$1,tbl_chests[datetime],">="&TODAY()-WEEKDAY(TODAY(),2)+1,tbl_chests[datetime],"<"&TODAY()-WEEKDAY(TODAY(),2)+8))) -> 0 | J11: =IF($A11="","",IF(J$1="","",COUNTIFS(tbl_chests[from],$A11,tbl_chests[legalized],J$1,tbl_chests[datetime],">="&TODAY()-WEEKDAY(TODAY(),2)+1,tbl_chests[datetime],"<"&TODAY()-WEEKDAY(TODAY(),2)+8))) -> 0 | ... AM11: =IF($A11="","",IF(AM$1="","",COUNTIFS(tbl_chests[from],$A11,tbl_chests[legalized],AM$1,tbl_chests[datetime],">="&TODAY()-WEEKDAY(TODAY(),2)+1,tbl_chests[datetime],"<"&TODAY()-WEEKDAY(TODAY(),2)+8))) -> 0
A12: =chests_counter!$H9 -> Burgs | B12: {=IF(A12<>"", SUMPRODUCT(($C$2:$AM$2<>0)*(C12:AM12<>0)*($C$2:$AM$2)*(C12:AM12)), "")} -> 170 | C12: =IF($A12="","",IF(C$1="","",COUNTIFS(tbl_chests[from],$A12,tbl_chests[legalized],C$1,tbl_chests[datetime],">="&TODAY()-WEEKDAY(TODAY(),2)+1,tbl_chests[datetime],"<"&TODAY()-WEEKDAY(TODAY(),2)+8))) -> 0 | D12: =IF($A12="","",IF(D$1="","",COUNTIFS(tbl_chests[from],$A12,tbl_chests[legalized],D$1,tbl_chests[datetime],">="&TODAY()-WEEKDAY(TODAY(),2)+1,tbl_chests[datetime],"<"&TODAY()-WEEKDAY(TODAY(),2)+8))) -> 4 | E12: =IF($A12="","",IF(E$1="","",COUNTIFS(tbl_chests[from],$A12,tbl_chests[legalized],E$1,tbl_chests[datetime],">="&TODAY()-WEEKDAY(TODAY(),2)+1,tbl_chests[datetime],"<"&TODAY()-WEEKDAY(TODAY(),2)+8))) -> 1 | F12: =IF($A12="","",IF(F$1="","",COUNTIFS(tbl_chests[from],$A12,tbl_chests[legalized],F$1,tbl_chests[datetime],">="&TODAY()-WEEKDAY(TODAY(),2)+1,tbl_chests[datetime],"<"&TODAY()-WEEKDAY(TODAY(),2)+8))) -> 0 | G12: =IF($A12="","",IF(G$1="","",COUNTIFS(tbl_chests[from],$A12,tbl_chests[legalized],G$1,tbl_chests[datetime],">="&TODAY()-WEEKDAY(TODAY(),2)+1,tbl_chests[datetime],"<"&TODAY()-WEEKDAY(TODAY(),2)+8))) -> 0 | H12: =IF($A12="","",IF(H$1="","",COUNTIFS(tbl_chests[from],$A12,tbl_chests[legalized],H$1,tbl_chests[datetime],">="&TODAY()-WEEKDAY(TODAY(),2)+1,tbl_chests[datetime],"<"&TODAY()-WEEKDAY(TODAY(),2)+8))) -> 0 | I12: =IF($A12="","",IF(I$1="","",COUNTIFS(tbl_chests[from],$A12,tbl_chests[legalized],I$1,tbl_chests[datetime],">="&TODAY()-WEEKDAY(TODAY(),2)+1,tbl_chests[datetime],"<"&TODAY()-WEEKDAY(TODAY(),2)+8))) -> 0 | J12: =IF($A12="","",IF(J$1="","",COUNTIFS(tbl_chests[from],$A12,tbl_chests[legalized],J$1,tbl_chests[datetime],">="&TODAY()-WEEKDAY(TODAY(),2)+1,tbl_chests[datetime],"<"&TODAY()-WEEKDAY(TODAY(),2)+8))) -> 0 | ... AM12: =IF($A12="","",IF(AM$1="","",COUNTIFS(tbl_chests[from],$A12,tbl_chests[legalized],AM$1,tbl_chests[datetime],">="&TODAY()-WEEKDAY(TODAY(),2)+1,tbl_chests[datetime],"<"&TODAY()-WEEKDAY(TODAY(),2)+8))) -> 0
A13: =chests_counter!$H10 -> CAPONE | B13: {=IF(A13<>"", SUMPRODUCT(($C$2:$AM$2<>0)*(C13:AM13<>0)*($C$2:$AM$2)*(C13:AM13)), "")} -> 60 | C13: =IF($A13="","",IF(C$1="","",COUNTIFS(tbl_chests[from],$A13,tbl_chests[legalized],C$1,tbl_chests[datetime],">="&TODAY()-WEEKDAY(TODAY(),2)+1,tbl_chests[datetime],"<"&TODAY()-WEEKDAY(TODAY(),2)+8))) -> 1 | D13: =IF($A13="","",IF(D$1="","",COUNTIFS(tbl_chests[from],$A13,tbl_chests[legalized],D$1,tbl_chests[datetime],">="&TODAY()-WEEKDAY(TODAY(),2)+1,tbl_chests[datetime],"<"&TODAY()-WEEKDAY(TODAY(),2)+8))) -> 1 | E13: =IF($A13="","",IF(E$1="","",COUNTIFS(tbl_chests[from],$A13,tbl_chests[legalized],E$1,tbl_chests[datetime],">="&TODAY()-WEEKDAY(TODAY(),2)+1,tbl_chests[datetime],"<"&TODAY()-WEEKDAY(TODAY(),2)+8))) -> 0 | F13: =IF($A13="","",IF(F$1="","",COUNTIFS(tbl_chests[from],$A13,tbl_chests[legalized],F$1,tbl_chests[datetime],">="&TODAY()-WEEKDAY(TODAY(),2)+1,tbl_chests[datetime],"<"&TODAY()-WEEKDAY(TODAY(),2)+8))) -> 0 | G13: =IF($A13="","",IF(G$1="","",COUNTIFS(tbl_chests[from],$A13,tbl_chests[legalized],G$1,tbl_chests[datetime],">="&TODAY()-WEEKDAY(TODAY(),2)+1,tbl_chests[datetime],"<"&TODAY()-WEEKDAY(TODAY(),2)+8))) -> 0 | H13: =IF($A13="","",IF(H$1="","",COUNTIFS(tbl_chests[from],$A13,tbl_chests[legalized],H$1,tbl_chests[datetime],">="&TODAY()-WEEKDAY(TODAY(),2)+1,tbl_chests[datetime],"<"&TODAY()-WEEKDAY(TODAY(),2)+8))) -> 0 | I13: =IF($A13="","",IF(I$1="","",COUNTIFS(tbl_chests[from],$A13,tbl_chests[legalized],I$1,tbl_chests[datetime],">="&TODAY()-WEEKDAY(TODAY(),2)+1,tbl_chests[datetime],"<"&TODAY()-WEEKDAY(TODAY(),2)+8))) -> 0 | J13: =IF($A13="","",IF(J$1="","",COUNTIFS(tbl_chests[from],$A13,tbl_chests[legalized],J$1,tbl_chests[datetime],">="&TODAY()-WEEKDAY(TODAY(),2)+1,tbl_chests[datetime],"<"&TODAY()-WEEKDAY(TODAY(),2)+8))) -> 0 | ... AM13: =IF($A13="","",IF(AM$1="","",COUNTIFS(tbl_chests[from],$A13,tbl_chests[legalized],AM$1,tbl_chests[datetime],">="&TODAY()-WEEKDAY(TODAY(),2)+1,tbl_chests[datetime],"<"&TODAY()-WEEKDAY(TODAY(),2)+8))) -> 0
A14: =chests_counter!$H11 -> Chili Peppers | B14: {=IF(A14<>"", SUMPRODUCT(($C$2:$AM$2<>0)*(C14:AM14<>0)*($C$2:$AM$2)*(C14:AM14)), "")} -> 330 | C14: =IF($A14="","",IF(C$1="","",COUNTIFS(tbl_chests[from],$A14,tbl_chests[legalized],C$1,tbl_chests[datetime],">="&TODAY()-WEEKDAY(TODAY(),2)+1,tbl_chests[datetime],"<"&TODAY()-WEEKDAY(TODAY(),2)+8))) -> 0 | D14: =IF($A14="","",IF(D$1="","",COUNTIFS(tbl_chests[from],$A14,tbl_chests[legalized],D$1,tbl_chests[datetime],">="&TODAY()-WEEKDAY(TODAY(),2)+1,tbl_chests[datetime],"<"&TODAY()-WEEKDAY(TODAY(),2)+8))) -> 0 | E14: =IF($A14="","",IF(E$1="","",COUNTIFS(tbl_chests[from],$A14,tbl_chests[legalized],E$1,tbl_chests[datetime],">="&TODAY()-WEEKDAY(TODAY(),2)+1,tbl_chests[datetime],"<"&TODAY()-WEEKDAY(TODAY(),2)+8))) -> 7 | F14: =IF($A14="","",IF(F$1="","",COUNTIFS(tbl_chests[from],$A14,tbl_chests[legalized],F$1,tbl_chests[datetime],">="&TODAY()-WEEKDAY(TODAY(),2)+1,tbl_chests[datetime],"<"&TODAY()-WEEKDAY(TODAY(),2)+8))) -> 0 | G14: =IF($A14="","",IF(G$1="","",COUNTIFS(tbl_chests[from],$A14,tbl_chests[legalized],G$1,tbl_chests[datetime],">="&TODAY()-WEEKDAY(TODAY(),2)+1,tbl_chests[datetime],"<"&TODAY()-WEEKDAY(TODAY(),2)+8))) -> 0 | H14: =IF($A14="","",IF(H$1="","",COUNTIFS(tbl_chests[from],$A14,tbl_chests[legalized],H$1,tbl_chests[datetime],">="&TODAY()-WEEKDAY(TODAY(),2)+1,tbl_chests[datetime],"<"&TODAY()-WEEKDAY(TODAY(),2)+8))) -> 0 | I14: =IF($A14="","",IF(I$1="","",COUNTIFS(tbl_chests[from],$A14,tbl_chests[legalized],I$1,tbl_chests[datetime],">="&TODAY()-WEEKDAY(TODAY(),2)+1,tbl_chests[datetime],"<"&TODAY()-WEEKDAY(TODAY(),2)+8))) -> 0 | J14: =IF($A14="","",IF(J$1="","",COUNTIFS(tbl_chests[from],$A14,tbl_chests[legalized],J$1,tbl_chests[datetime],">="&TODAY()-WEEKDAY(TODAY(),2)+1,tbl_chests[datetime],"<"&TODAY()-WEEKDAY(TODAY(),2)+8))) -> 0 | ... AM14: =IF($A14="","",IF(AM$1="","",COUNTIFS(tbl_chests[from],$A14,tbl_chests[legalized],AM$1,tbl_chests[datetime],">="&TODAY()-WEEKDAY(TODAY(),2)+1,tbl_chests[datetime],"<"&TODAY()-WEEKDAY(TODAY(),2)+8))) -> 0
A15: =chests_counter!$H12 -> CongulusMurat | B15: {=IF(A15<>"", SUMPRODUCT(($C$2:$AM$2<>0)*(C15:AM15<>0)*($C$2:$AM$2)*(C15:AM15)), "")} -> 30 | C15: =IF($A15="","",IF(C$1="","",COUNTIFS(tbl_chests[from],$A15,tbl_chests[legalized],C$1,tbl_chests[datetime],">="&TODAY()-WEEKDAY(TODAY(),2)+1,tbl_chests[datetime],"<"&TODAY()-WEEKDAY(TODAY(),2)+8))) -> 1 | D15: =IF($A15="","",IF(D$1="","",COUNTIFS(tbl_chests[from],$A15,tbl_chests[legalized],D$1,tbl_chests[datetime],">="&TODAY()-WEEKDAY(TODAY(),2)+1,tbl_chests[datetime],"<"&TODAY()-WEEKDAY(TODAY(),2)+8))) -> 1 | E15: =IF($A15="","",IF(E$1="","",COUNTIFS(tbl_chests[from],$A15,tbl_chests[legalized],E$1,tbl_chests[datetime],">="&TODAY()-WEEKDAY(TODAY(),2)+1,tbl_chests[datetime],"<"&TODAY()-WEEKDAY(TODAY(),2)+8))) -> 0 | F15: =IF($A15="","",IF(F$1="","",COUNTIFS(tbl_chests[from],$A15,tbl_chests[legalized],F$1,tbl_chests[datetime],">="&TODAY()-WEEKDAY(TODAY(),2)+1,tbl_chests[datetime],"<"&TODAY()-WEEKDAY(TODAY(),2)+8))) -> 0 | G15: =IF($A15="","",IF(G$1="","",COUNTIFS(tbl_chests[from],$A15,tbl_chests[legalized],G$1,tbl_chests[datetime],">="&TODAY()-WEEKDAY(TODAY(),2)+1,tbl_chests[datetime],"<"&TODAY()-WEEKDAY(TODAY(),2)+8))) -> 0 | H15: =IF($A15="","",IF(H$1="","",COUNTIFS(tbl_chests[from],$A15,tbl_chests[legalized],H$1,tbl_chests[datetime],">="&TODAY()-WEEKDAY(TODAY(),2)+1,tbl_chests[datetime],"<"&TODAY()-WEEKDAY(TODAY(),2)+8))) -> 0 | I15: =IF($A15="","",IF(I$1="","",COUNTIFS(tbl_chests[from],$A15,tbl_chests[legalized],I$1,tbl_chests[datetime],">="&TODAY()-WEEKDAY(TODAY(),2)+1,tbl_chests[datetime],"<"&TODAY()-WEEKDAY(TODAY(),2)+8))) -> 0 | J15: =IF($A15="","",IF(J$1="","",COUNTIFS(tbl_chests[from],$A15,tbl_chests[legalized],J$1,tbl_chests[datetime],">="&TODAY()-WEEKDAY(TODAY(),2)+1,tbl_chests[datetime],"<"&TODAY()-WEEKDAY(TODAY(),2)+8))) -> 0 | ... AM15: =IF($A15="","",IF(AM$1="","",COUNTIFS(tbl_chests[from],$A15,tbl_chests[legalized],AM$1,tbl_chests[datetime],">="&TODAY()-WEEKDAY(TODAY(),2)+1,tbl_chests[datetime],"<"&TODAY()-WEEKDAY(TODAY(),2)+8))) -> 0
A16: =chests_counter!$H13 -> crabb | B16: {=IF(A16<>"", SUMPRODUCT(($C$2:$AM$2<>0)*(C16:AM16<>0)*($C$2:$AM$2)*(C16:AM16)), "")} -> 30 | C16: =IF($A16="","",IF(C$1="","",COUNTIFS(tbl_chests[from],$A16,tbl_chests[legalized],C$1,tbl_chests[datetime],">="&TODAY()-WEEKDAY(TODAY(),2)+1,tbl_chests[datetime],"<"&TODAY()-WEEKDAY(TODAY(),2)+8))) -> 0 | D16: =IF($A16="","",IF(D$1="","",COUNTIFS(tbl_chests[from],$A16,tbl_chests[legalized],D$1,tbl_chests[datetime],">="&TODAY()-WEEKDAY(TODAY(),2)+1,tbl_chests[datetime],"<"&TODAY()-WEEKDAY(TODAY(),2)+8))) -> 1 | E16: =IF($A16="","",IF(E$1="","",COUNTIFS(tbl_chests[from],$A16,tbl_chests[legalized],E$1,tbl_chests[datetime],">="&TODAY()-WEEKDAY(TODAY(),2)+1,tbl_chests[datetime],"<"&TODAY()-WEEKDAY(TODAY(),2)+8))) -> 0 | F16: =IF($A16="","",IF(F$1="","",COUNTIFS(tbl_chests[from],$A16,tbl_chests[legalized],F$1,tbl_chests[datetime],">="&TODAY()-WEEKDAY(TODAY(),2)+1,tbl_chests[datetime],"<"&TODAY()-WEEKDAY(TODAY(),2)+8))) -> 0 | G16: =IF($A16="","",IF(G$1="","",COUNTIFS(tbl_chests[from],$A16,tbl_chests[legalized],G$1,tbl_chests[datetime],">="&TODAY()-WEEKDAY(TODAY(),2)+1,tbl_chests[datetime],"<"&TODAY()-WEEKDAY(TODAY(),2)+8))) -> 0 | H16: =IF($A16="","",IF(H$1="","",COUNTIFS(tbl_chests[from],$A16,tbl_chests[legalized],H$1,tbl_chests[datetime],">="&TODAY()-WEEKDAY(TODAY(),2)+1,tbl_chests[datetime],"<"&TODAY()-WEEKDAY(TODAY(),2)+8))) -> 1 | I16: =IF($A16="","",IF(I$1="","",COUNTIFS(tbl_chests[from],$A16,tbl_chests[legalized],I$1,tbl_chests[datetime],">="&TODAY()-WEEKDAY(TODAY(),2)+1,tbl_chests[datetime],"<"&TODAY()-WEEKDAY(TODAY(),2)+8))) -> 0 | J16: =IF($A16="","",IF(J$1="","",COUNTIFS(tbl_chests[from],$A16,tbl_chests[legalized],J$1,tbl_chests[datetime],">="&TODAY()-WEEKDAY(TODAY(),2)+1,tbl_chests[datetime],"<"&TODAY()-WEEKDAY(TODAY(),2)+8))) -> 0 | ... AM16: =IF($A16="","",IF(AM$1="","",COUNTIFS(tbl_chests[from],$A16,tbl_chests[legalized],AM$1,tbl_chests[datetime],">="&TODAY()-WEEKDAY(TODAY(),2)+1,tbl_chests[datetime],"<"&TODAY()-WEEKDAY(TODAY(),2)+8))) -> 0
... A35: =chests_counter!$H32 -> sillovr | B35: {=IF(A35<>"", SUMPRODUCT(($C$2:$AM$2<>0)*(C35:AM35<>0)*($C$2:$AM$2)*(C35:AM35)), "")} -> 240 | C35: =IF($A35="","",IF(C$1="","",COUNTIFS(tbl_chests[from],$A35,tbl_chests[legalized],C$1,tbl_chests[datetime],">="&TODAY()-WEEKDAY(TODAY(),2)+1,tbl_chests[datetime],"<"&TODAY()-WEEKDAY(TODAY(),2)+8))) -> 5 | D35: =IF($A35="","",IF(D$1="","",COUNTIFS(tbl_chests[from],$A35,tbl_chests[legalized],D$1,tbl_chests[datetime],">="&TODAY()-WEEKDAY(TODAY(),2)+1,tbl_chests[datetime],"<"&TODAY()-WEEKDAY(TODAY(),2)+8))) -> 8 | E35: =IF($A35="","",IF(E$1="","",COUNTIFS(tbl_chests[from],$A35,tbl_chests[legalized],E$1,tbl_chests[datetime],">="&TODAY()-WEEKDAY(TODAY(),2)+1,tbl_chests[datetime],"<"&TODAY()-WEEKDAY(TODAY(),2)+8))) -> 1 | F35: =IF($A35="","",IF(F$1="","",COUNTIFS(tbl_chests[from],$A35,tbl_chests[legalized],F$1,tbl_chests[datetime],">="&TODAY()-WEEKDAY(TODAY(),2)+1,tbl_chests[datetime],"<"&TODAY()-WEEKDAY(TODAY(),2)+8))) -> 0 | G35: =IF($A35="","",IF(G$1="","",COUNTIFS(tbl_chests[from],$A35,tbl_chests[legalized],G$1,tbl_chests[datetime],">="&TODAY()-WEEKDAY(TODAY(),2)+1,tbl_chests[datetime],"<"&TODAY()-WEEKDAY(TODAY(),2)+8))) -> 0 | H35: =IF($A35="","",IF(H$1="","",COUNTIFS(tbl_chests[from],$A35,tbl_chests[legalized],H$1,tbl_chests[datetime],">="&TODAY()-WEEKDAY(TODAY(),2)+1,tbl_chests[datetime],"<"&TODAY()-WEEKDAY(TODAY(),2)+8))) -> 0 | I35: =IF($A35="","",IF(I$1="","",COUNTIFS(tbl_chests[from],$A35,tbl_chests[legalized],I$1,tbl_chests[datetime],">="&TODAY()-WEEKDAY(TODAY(),2)+1,tbl_chests[datetime],"<"&TODAY()-WEEKDAY(TODAY(),2)+8))) -> 0 | J35: =IF($A35="","",IF(J$1="","",COUNTIFS(tbl_chests[from],$A35,tbl_chests[legalized],J$1,tbl_chests[datetime],">="&TODAY()-WEEKDAY(TODAY(),2)+1,tbl_chests[datetime],"<"&TODAY()-WEEKDAY(TODAY(),2)+8))) -> 0 | ... AM35: =IF($A35="","",IF(AM$1="","",COUNTIFS(tbl_chests[from],$A35,tbl_chests[legalized],AM$1,tbl_chests[datetime],">="&TODAY()-WEEKDAY(TODAY(),2)+1,tbl_chests[datetime],"<"&TODAY()-WEEKDAY(TODAY(),2)+8))) -> 0
A36: =chests_counter!$H33 -> Sinwing | B36: {=IF(A36<>"", SUMPRODUCT(($C$2:$AM$2<>0)*(C36:AM36<>0)*($C$2:$AM$2)*(C36:AM36)), "")} -> 330 | C36: =IF($A36="","",IF(C$1="","",COUNTIFS(tbl_chests[from],$A36,tbl_chests[legalized],C$1,tbl_chests[datetime],">="&TODAY()-WEEKDAY(TODAY(),2)+1,tbl_chests[datetime],"<"&TODAY()-WEEKDAY(TODAY(),2)+8))) -> 1 | D36: =IF($A36="","",IF(D$1="","",COUNTIFS(tbl_chests[from],$A36,tbl_chests[legalized],D$1,tbl_chests[datetime],">="&TODAY()-WEEKDAY(TODAY(),2)+1,tbl_chests[datetime],"<"&TODAY()-WEEKDAY(TODAY(),2)+8))) -> 2 | E36: =IF($A36="","",IF(E$1="","",COUNTIFS(tbl_chests[from],$A36,tbl_chests[legalized],E$1,tbl_chests[datetime],">="&TODAY()-WEEKDAY(TODAY(),2)+1,tbl_chests[datetime],"<"&TODAY()-WEEKDAY(TODAY(),2)+8))) -> 1 | F36: =IF($A36="","",IF(F$1="","",COUNTIFS(tbl_chests[from],$A36,tbl_chests[legalized],F$1,tbl_chests[datetime],">="&TODAY()-WEEKDAY(TODAY(),2)+1,tbl_chests[datetime],"<"&TODAY()-WEEKDAY(TODAY(),2)+8))) -> 0 | G36: =IF($A36="","",IF(G$1="","",COUNTIFS(tbl_chests[from],$A36,tbl_chests[legalized],G$1,tbl_chests[datetime],">="&TODAY()-WEEKDAY(TODAY(),2)+1,tbl_chests[datetime],"<"&TODAY()-WEEKDAY(TODAY(),2)+8))) -> 0 | H36: =IF($A36="","",IF(H$1="","",COUNTIFS(tbl_chests[from],$A36,tbl_chests[legalized],H$1,tbl_chests[datetime],">="&TODAY()-WEEKDAY(TODAY(),2)+1,tbl_chests[datetime],"<"&TODAY()-WEEKDAY(TODAY(),2)+8))) -> 1 | I36: =IF($A36="","",IF(I$1="","",COUNTIFS(tbl_chests[from],$A36,tbl_chests[legalized],I$1,tbl_chests[datetime],">="&TODAY()-WEEKDAY(TODAY(),2)+1,tbl_chests[datetime],"<"&TODAY()-WEEKDAY(TODAY(),2)+8))) -> 0 | J36: =IF($A36="","",IF(J$1="","",COUNTIFS(tbl_chests[from],$A36,tbl_chests[legalized],J$1,tbl_chests[datetime],">="&TODAY()-WEEKDAY(TODAY(),2)+1,tbl_chests[datetime],"<"&TODAY()-WEEKDAY(TODAY(),2)+8))) -> 0 | ... AM36: =IF($A36="","",IF(AM$1="","",COUNTIFS(tbl_chests[from],$A36,tbl_chests[legalized],AM$1,tbl_chests[datetime],">="&TODAY()-WEEKDAY(TODAY(),2)+1,tbl_chests[datetime],"<"&TODAY()-WEEKDAY(TODAY(),2)+8))) -> 0 | BF36: =IF($A31 = "","",IF(BF$1 = "","",COUNTIFS(#REF!,$A31,#REF!,BF$1))) | BG36: =IF($A31 = "","",IF(BG$1 = "","",COUNTIFS(#REF!,$A31,#REF!,BG$1))) | BH36: =IF($A31 = "","",IF(BH$1 = "","",COUNTIFS(#REF!,$A31,#REF!,BH$1))) | BI36: =IF($A31 = "","",IF(BI$1 = "","",COUNTIFS(#REF!,$A31,#REF!,BI$1))) | BJ36: =IF($A31 = "","",IF(BJ$1 = "","",COUNTIFS(#REF!,$A31,#REF!,BJ$1))) | BK36: =IF($A31 = "","",IF(BK$1 = "","",COUNTIFS(#REF!,$A31,#REF!,BK$1))) | BL36: =IF($A31 = "","",IF(BL$1 = "","",COUNTIFS(#REF!,$A31,#REF!,BL$1))) | BM36: =IF($A31 = "","",IF(BM$1 = "","",COUNTIFS(#REF!,$A31,#REF!,BM$1))) | ... BO36: =IF($A31 = "","",IF(BO$1 = "","",COUNTIFS(#REF!,$A31,#REF!,BO$1)))
A37: =chests_counter!$H34 -> Sparta | B37: {=IF(A37<>"", SUMPRODUCT(($C$2:$AM$2<>0)*(C37:AM37<>0)*($C$2:$AM$2)*(C37:AM37)), "")} -> 20 | C37: =IF($A37="","",IF(C$1="","",COUNTIFS(tbl_chests[from],$A37,tbl_chests[legalized],C$1,tbl_chests[datetime],">="&TODAY()-WEEKDAY(TODAY(),2)+1,tbl_chests[datetime],"<"&TODAY()-WEEKDAY(TODAY(),2)+8))) -> 0 | D37: =IF($A37="","",IF(D$1="","",COUNTIFS(tbl_chests[from],$A37,tbl_chests[legalized],D$1,tbl_chests[datetime],">="&TODAY()-WEEKDAY(TODAY(),2)+1,tbl_chests[datetime],"<"&TODAY()-WEEKDAY(TODAY(),2)+8))) -> 1 | E37: =IF($A37="","",IF(E$1="","",COUNTIFS(tbl_chests[from],$A37,tbl_chests[legalized],E$1,tbl_chests[datetime],">="&TODAY()-WEEKDAY(TODAY(),2)+1,tbl_chests[datetime],"<"&TODAY()-WEEKDAY(TODAY(),2)+8))) -> 0 | F37: =IF($A37="","",IF(F$1="","",COUNTIFS(tbl_chests[from],$A37,tbl_chests[legalized],F$1,tbl_chests[datetime],">="&TODAY()-WEEKDAY(TODAY(),2)+1,tbl_chests[datetime],"<"&TODAY()-WEEKDAY(TODAY(),2)+8))) -> 0 | G37: =IF($A37="","",IF(G$1="","",COUNTIFS(tbl_chests[from],$A37,tbl_chests[legalized],G$1,tbl_chests[datetime],">="&TODAY()-WEEKDAY(TODAY(),2)+1,tbl_chests[datetime],"<"&TODAY()-WEEKDAY(TODAY(),2)+8))) -> 0 | H37: =IF($A37="","",IF(H$1="","",COUNTIFS(tbl_chests[from],$A37,tbl_chests[legalized],H$1,tbl_chests[datetime],">="&TODAY()-WEEKDAY(TODAY(),2)+1,tbl_chests[datetime],"<"&TODAY()-WEEKDAY(TODAY(),2)+8))) -> 0 | I37: =IF($A37="","",IF(I$1="","",COUNTIFS(tbl_chests[from],$A37,tbl_chests[legalized],I$1,tbl_chests[datetime],">="&TODAY()-WEEKDAY(TODAY(),2)+1,tbl_chests[datetime],"<"&TODAY()-WEEKDAY(TODAY(),2)+8))) -> 0 | J37: =IF($A37="","",IF(J$1="","",COUNTIFS(tbl_chests[from],$A37,tbl_chests[legalized],J$1,tbl_chests[datetime],">="&TODAY()-WEEKDAY(TODAY(),2)+1,tbl_chests[datetime],"<"&TODAY()-WEEKDAY(TODAY(),2)+8))) -> 0 | ... AM37: =IF($A37="","",IF(AM$1="","",COUNTIFS(tbl_chests[from],$A37,tbl_chests[legalized],AM$1,tbl_chests[datetime],">="&TODAY()-WEEKDAY(TODAY(),2)+1,tbl_chests[datetime],"<"&TODAY()-WEEKDAY(TODAY(),2)+8))) -> 0
A38: =chests_counter!$H35 -> Stuff | B38: {=IF(A38<>"", SUMPRODUCT(($C$2:$AM$2<>0)*(C38:AM38<>0)*($C$2:$AM$2)*(C38:AM38)), "")} -> 245 | C38: =IF($A38="","",IF(C$1="","",COUNTIFS(tbl_chests[from],$A38,tbl_chests[legalized],C$1,tbl_chests[datetime],">="&TODAY()-WEEKDAY(TODAY(),2)+1,tbl_chests[datetime],"<"&TODAY()-WEEKDAY(TODAY(),2)+8))) -> 0 | D38: =IF($A38="","",IF(D$1="","",COUNTIFS(tbl_chests[from],$A38,tbl_chests[legalized],D$1,tbl_chests[datetime],">="&TODAY()-WEEKDAY(TODAY(),2)+1,tbl_chests[datetime],"<"&TODAY()-WEEKDAY(TODAY(),2)+8))) -> 10 | E38: =IF($A38="","",IF(E$1="","",COUNTIFS(tbl_chests[from],$A38,tbl_chests[legalized],E$1,tbl_chests[datetime],">="&TODAY()-WEEKDAY(TODAY(),2)+1,tbl_chests[datetime],"<"&TODAY()-WEEKDAY(TODAY(),2)+8))) -> 0 | F38: =IF($A38="","",IF(F$1="","",COUNTIFS(tbl_chests[from],$A38,tbl_chests[legalized],F$1,tbl_chests[datetime],">="&TODAY()-WEEKDAY(TODAY(),2)+1,tbl_chests[datetime],"<"&TODAY()-WEEKDAY(TODAY(),2)+8))) -> 0 | G38: =IF($A38="","",IF(G$1="","",COUNTIFS(tbl_chests[from],$A38,tbl_chests[legalized],G$1,tbl_chests[datetime],">="&TODAY()-WEEKDAY(TODAY(),2)+1,tbl_chests[datetime],"<"&TODAY()-WEEKDAY(TODAY(),2)+8))) -> 0 | H38: =IF($A38="","",IF(H$1="","",COUNTIFS(tbl_chests[from],$A38,tbl_chests[legalized],H$1,tbl_chests[datetime],">="&TODAY()-WEEKDAY(TODAY(),2)+1,tbl_chests[datetime],"<"&TODAY()-WEEKDAY(TODAY(),2)+8))) -> 0 | I38: =IF($A38="","",IF(I$1="","",COUNTIFS(tbl_chests[from],$A38,tbl_chests[legalized],I$1,tbl_chests[datetime],">="&TODAY()-WEEKDAY(TODAY(),2)+1,tbl_chests[datetime],"<"&TODAY()-WEEKDAY(TODAY(),2)+8))) -> 0 | J38: =IF($A38="","",IF(J$1="","",COUNTIFS(tbl_chests[from],$A38,tbl_chests[legalized],J$1,tbl_chests[datetime],">="&TODAY()-WEEKDAY(TODAY(),2)+1,tbl_chests[datetime],"<"&TODAY()-WEEKDAY(TODAY(),2)+8))) -> 0 | ... AM38: =IF($A38="","",IF(AM$1="","",COUNTIFS(tbl_chests[from],$A38,tbl_chests[legalized],AM$1,tbl_chests[datetime],">="&TODAY()-WEEKDAY(TODAY(),2)+1,tbl_chests[datetime],"<"&TODAY()-WEEKDAY(TODAY(),2)+8))) -> 0
A39: =chests_counter!$H36 -> Tiimo807 | B39: {=IF(A39<>"", SUMPRODUCT(($C$2:$AM$2<>0)*(C39:AM39<>0)*($C$2:$AM$2)*(C39:AM39)), "")} -> 30 | C39: =IF($A39="","",IF(C$1="","",COUNTIFS(tbl_chests[from],$A39,tbl_chests[legalized],C$1,tbl_chests[datetime],">="&TODAY()-WEEKDAY(TODAY(),2)+1,tbl_chests[datetime],"<"&TODAY()-WEEKDAY(TODAY(),2)+8))) -> 1 | D39: =IF($A39="","",IF(D$1="","",COUNTIFS(tbl_chests[from],$A39,tbl_chests[legalized],D$1,tbl_chests[datetime],">="&TODAY()-WEEKDAY(TODAY(),2)+1,tbl_chests[datetime],"<"&TODAY()-WEEKDAY(TODAY(),2)+8))) -> 1 | E39: =IF($A39="","",IF(E$1="","",COUNTIFS(tbl_chests[from],$A39,tbl_chests[legalized],E$1,tbl_chests[datetime],">="&TODAY()-WEEKDAY(TODAY(),2)+1,tbl_chests[datetime],"<"&TODAY()-WEEKDAY(TODAY(),2)+8))) -> 0 | F39: =IF($A39="","",IF(F$1="","",COUNTIFS(tbl_chests[from],$A39,tbl_chests[legalized],F$1,tbl_chests[datetime],">="&TODAY()-WEEKDAY(TODAY(),2)+1,tbl_chests[datetime],"<"&TODAY()-WEEKDAY(TODAY(),2)+8))) -> 0 | G39: =IF($A39="","",IF(G$1="","",COUNTIFS(tbl_chests[from],$A39,tbl_chests[legalized],G$1,tbl_chests[datetime],">="&TODAY()-WEEKDAY(TODAY(),2)+1,tbl_chests[datetime],"<"&TODAY()-WEEKDAY(TODAY(),2)+8))) -> 0 | H39: =IF($A39="","",IF(H$1="","",COUNTIFS(tbl_chests[from],$A39,tbl_chests[legalized],H$1,tbl_chests[datetime],">="&TODAY()-WEEKDAY(TODAY(),2)+1,tbl_chests[datetime],"<"&TODAY()-WEEKDAY(TODAY(),2)+8))) -> 0 | I39: =IF($A39="","",IF(I$1="","",COUNTIFS(tbl_chests[from],$A39,tbl_chests[legalized],I$1,tbl_chests[datetime],">="&TODAY()-WEEKDAY(TODAY(),2)+1,tbl_chests[datetime],"<"&TODAY()-WEEKDAY(TODAY(),2)+8))) -> 0 | J39: =IF($A39="","",IF(J$1="","",COUNTIFS(tbl_chests[from],$A39,tbl_chests[legalized],J$1,tbl_chests[datetime],">="&TODAY()-WEEKDAY(TODAY(),2)+1,tbl_chests[datetime],"<"&TODAY()-WEEKDAY(TODAY(),2)+8))) -> 0 | ... AM39: =IF($A39="","",IF(AM$1="","",COUNTIFS(tbl_chests[from],$A39,tbl_chests[legalized],AM$1,tbl_chests[datetime],">="&TODAY()-WEEKDAY(TODAY(),2)+1,tbl_chests[datetime],"<"&TODAY()-WEEKDAY(TODAY(),2)+8))) -> 0
A40: =chests_counter!$H37 -> Toastman | B40: {=IF(A40<>"", SUMPRODUCT(($C$2:$AM$2<>0)*(C40:AM40<>0)*($C$2:$AM$2)*(C40:AM40)), "")} -> 70 | C40: =IF($A40="","",IF(C$1="","",COUNTIFS(tbl_chests[from],$A40,tbl_chests[legalized],C$1,tbl_chests[datetime],">="&TODAY()-WEEKDAY(TODAY(),2)+1,tbl_chests[datetime],"<"&TODAY()-WEEKDAY(TODAY(),2)+8))) -> 0 | D40: =IF($A40="","",IF(D$1="","",COUNTIFS(tbl_chests[from],$A40,tbl_chests[legalized],D$1,tbl_chests[datetime],">="&TODAY()-WEEKDAY(TODAY(),2)+1,tbl_chests[datetime],"<"&TODAY()-WEEKDAY(TODAY(),2)+8))) -> 2 | E40: =IF($A40="","",IF(E$1="","",COUNTIFS(tbl_chests[from],$A40,tbl_chests[legalized],E$1,tbl_chests[datetime],">="&TODAY()-WEEKDAY(TODAY(),2)+1,tbl_chests[datetime],"<"&TODAY()-WEEKDAY(TODAY(),2)+8))) -> 1 | F40: =IF($A40="","",IF(F$1="","",COUNTIFS(tbl_chests[from],$A40,tbl_chests[legalized],F$1,tbl_chests[datetime],">="&TODAY()-WEEKDAY(TODAY(),2)+1,tbl_chests[datetime],"<"&TODAY()-WEEKDAY(TODAY(),2)+8))) -> 0 | G40: =IF($A40="","",IF(G$1="","",COUNTIFS(tbl_chests[from],$A40,tbl_chests[legalized],G$1,tbl_chests[datetime],">="&TODAY()-WEEKDAY(TODAY(),2)+1,tbl_chests[datetime],"<"&TODAY()-WEEKDAY(TODAY(),2)+8))) -> 0 | H40: =IF($A40="","",IF(H$1="","",COUNTIFS(tbl_chests[from],$A40,tbl_chests[legalized],H$1,tbl_chests[datetime],">="&TODAY()-WEEKDAY(TODAY(),2)+1,tbl_chests[datetime],"<"&TODAY()-WEEKDAY(TODAY(),2)+8))) -> 0 | I40: =IF($A40="","",IF(I$1="","",COUNTIFS(tbl_chests[from],$A40,tbl_chests[legalized],I$1,tbl_chests[datetime],">="&TODAY()-WEEKDAY(TODAY(),2)+1,tbl_chests[datetime],"<"&TODAY()-WEEKDAY(TODAY(),2)+8))) -> 0 | J40: =IF($A40="","",IF(J$1="","",COUNTIFS(tbl_chests[from],$A40,tbl_chests[legalized],J$1,tbl_chests[datetime],">="&TODAY()-WEEKDAY(TODAY(),2)+1,tbl_chests[datetime],"<"&TODAY()-WEEKDAY(TODAY(),2)+8))) -> 0 | ... AM40: =IF($A40="","",IF(AM$1="","",COUNTIFS(tbl_chests[from],$A40,tbl_chests[legalized],AM$1,tbl_chests[datetime],">="&TODAY()-WEEKDAY(TODAY(),2)+1,tbl_chests[datetime],"<"&TODAY()-WEEKDAY(TODAY(),2)+8))) -> 0
A41: =chests_counter!$H38 -> Van Jazzle | B41: {=IF(A41<>"", SUMPRODUCT(($C$2:$AM$2<>0)*(C41:AM41<>0)*($C$2:$AM$2)*(C41:AM41)), "")} -> 100 | C41: =IF($A41="","",IF(C$1="","",COUNTIFS(tbl_chests[from],$A41,tbl_chests[legalized],C$1,tbl_chests[datetime],">="&TODAY()-WEEKDAY(TODAY(),2)+1,tbl_chests[datetime],"<"&TODAY()-WEEKDAY(TODAY(),2)+8))) -> 2 | D41: =IF($A41="","",IF(D$1="","",COUNTIFS(tbl_chests[from],$A41,tbl_chests[legalized],D$1,tbl_chests[datetime],">="&TODAY()-WEEKDAY(TODAY(),2)+1,tbl_chests[datetime],"<"&TODAY()-WEEKDAY(TODAY(),2)+8))) -> 4 | E41: =IF($A41="","",IF(E$1="","",COUNTIFS(tbl_chests[from],$A41,tbl_chests[legalized],E$1,tbl_chests[datetime],">="&TODAY()-WEEKDAY(TODAY(),2)+1,tbl_chests[datetime],"<"&TODAY()-WEEKDAY(TODAY(),2)+8))) -> 0 | F41: =IF($A41="","",IF(F$1="","",COUNTIFS(tbl_chests[from],$A41,tbl_chests[legalized],F$1,tbl_chests[datetime],">="&TODAY()-WEEKDAY(TODAY(),2)+1,tbl_chests[datetime],"<"&TODAY()-WEEKDAY(TODAY(),2)+8))) -> 0 | G41: =IF($A41="","",IF(G$1="","",COUNTIFS(tbl_chests[from],$A41,tbl_chests[legalized],G$1,tbl_chests[datetime],">="&TODAY()-WEEKDAY(TODAY(),2)+1,tbl_chests[datetime],"<"&TODAY()-WEEKDAY(TODAY(),2)+8))) -> 0 | H41: =IF($A41="","",IF(H$1="","",COUNTIFS(tbl_chests[from],$A41,tbl_chests[legalized],H$1,tbl_chests[datetime],">="&TODAY()-WEEKDAY(TODAY(),2)+1,tbl_chests[datetime],"<"&TODAY()-WEEKDAY(TODAY(),2)+8))) -> 0 | I41: =IF($A41="","",IF(I$1="","",COUNTIFS(tbl_chests[from],$A41,tbl_chests[legalized],I$1,tbl_chests[datetime],">="&TODAY()-WEEKDAY(TODAY(),2)+1,tbl_chests[datetime],"<"&TODAY()-WEEKDAY(TODAY(),2)+8))) -> 0 | J41: =IF($A41="","",IF(J$1="","",COUNTIFS(tbl_chests[from],$A41,tbl_chests[legalized],J$1,tbl_chests[datetime],">="&TODAY()-WEEKDAY(TODAY(),2)+1,tbl_chests[datetime],"<"&TODAY()-WEEKDAY(TODAY(),2)+8))) -> 0 | ... AM41: =IF($A41="","",IF(AM$1="","",COUNTIFS(tbl_chests[from],$A41,tbl_chests[legalized],AM$1,tbl_chests[datetime],">="&TODAY()-WEEKDAY(TODAY(),2)+1,tbl_chests[datetime],"<"&TODAY()-WEEKDAY(TODAY(),2)+8))) -> 0
A42: =chests_counter!$H39 -> Yondu | B42: {=IF(A42<>"", SUMPRODUCT(($C$2:$AM$2<>0)*(C42:AM42<>0)*($C$2:$AM$2)*(C42:AM42)), "")} -> 140 | C42: =IF($A42="","",IF(C$1="","",COUNTIFS(tbl_chests[from],$A42,tbl_chests[legalized],C$1,tbl_chests[datetime],">="&TODAY()-WEEKDAY(TODAY(),2)+1,tbl_chests[datetime],"<"&TODAY()-WEEKDAY(TODAY(),2)+8))) -> 0 | D42: =IF($A42="","",IF(D$1="","",COUNTIFS(tbl_chests[from],$A42,tbl_chests[legalized],D$1,tbl_chests[datetime],">="&TODAY()-WEEKDAY(TODAY(),2)+1,tbl_chests[datetime],"<"&TODAY()-WEEKDAY(TODAY(),2)+8))) -> 1 | E42: =IF($A42="","",IF(E$1="","",COUNTIFS(tbl_chests[from],$A42,tbl_chests[legalized],E$1,tbl_chests[datetime],">="&TODAY()-WEEKDAY(TODAY(),2)+1,tbl_chests[datetime],"<"&TODAY()-WEEKDAY(TODAY(),2)+8))) -> 4 | F42: =IF($A42="","",IF(F$1="","",COUNTIFS(tbl_chests[from],$A42,tbl_chests[legalized],F$1,tbl_chests[datetime],">="&TODAY()-WEEKDAY(TODAY(),2)+1,tbl_chests[datetime],"<"&TODAY()-WEEKDAY(TODAY(),2)+8))) -> 0 | G42: =IF($A42="","",IF(G$1="","",COUNTIFS(tbl_chests[from],$A42,tbl_chests[legalized],G$1,tbl_chests[datetime],">="&TODAY()-WEEKDAY(TODAY(),2)+1,tbl_chests[datetime],"<"&TODAY()-WEEKDAY(TODAY(),2)+8))) -> 0 | H42: =IF($A42="","",IF(H$1="","",COUNTIFS(tbl_chests[from],$A42,tbl_chests[legalized],H$1,tbl_chests[datetime],">="&TODAY()-WEEKDAY(TODAY(),2)+1,tbl_chests[datetime],"<"&TODAY()-WEEKDAY(TODAY(),2)+8))) -> 0 | I42: =IF($A42="","",IF(I$1="","",COUNTIFS(tbl_chests[from],$A42,tbl_chests[legalized],I$1,tbl_chests[datetime],">="&TODAY()-WEEKDAY(TODAY(),2)+1,tbl_chests[datetime],"<"&TODAY()-WEEKDAY(TODAY(),2)+8))) -> 0 | J42: =IF($A42="","",IF(J$1="","",COUNTIFS(tbl_chests[from],$A42,tbl_chests[legalized],J$1,tbl_chests[datetime],">="&TODAY()-WEEKDAY(TODAY(),2)+1,tbl_chests[datetime],"<"&TODAY()-WEEKDAY(TODAY(),2)+8))) -> 0 | ... AM42: =IF($A42="","",IF(AM$1="","",COUNTIFS(tbl_chests[from],$A42,tbl_chests[legalized],AM$1,tbl_chests[datetime],">="&TODAY()-WEEKDAY(TODAY(),2)+1,tbl_chests[datetime],"<"&TODAY()-WEEKDAY(TODAY(),2)+8))) -> 0 | BF42: =IF($A42 = "","",IF(BF$1 = "","",COUNTIFS(#REF!,$A42,#REF!,BF$1))) | BG42: =IF($A42 = "","",IF(BG$1 = "","",COUNTIFS(#REF!,$A42,#REF!,BG$1))) | BH42: =IF($A42 = "","",IF(BH$1 = "","",COUNTIFS(#REF!,$A42,#REF!,BH$1))) | BI42: =IF($A42 = "","",IF(BI$1 = "","",COUNTIFS(#REF!,$A42,#REF!,BI$1))) | BJ42: =IF($A42 = "","",IF(BJ$1 = "","",COUNTIFS(#REF!,$A42,#REF!,BJ$1))) | BK42: =IF($A42 = "","",IF(BK$1 = "","",COUNTIFS(#REF!,$A42,#REF!,BK$1))) | BL42: =IF($A42 = "","",IF(BL$1 = "","",COUNTIFS(#REF!,$A42,#REF!,BL$1))) | BM42: =IF($A42 = "","",IF(BM$1 = "","",COUNTIFS(#REF!,$A42,#REF!,BM$1))) | ... BO42: =IF($A42 = "","",IF(BO$1 = "","",COUNTIFS(#REF!,$A42,#REF!,BO$1)))
A43: =chests_counter!$H40 -> Zulkigore | B43: {=IF(A43<>"", SUMPRODUCT(($C$2:$AM$2<>0)*(C43:AM43<>0)*($C$2:$AM$2)*(C43:AM43)), "")} -> 30 | C43: =IF($A43="","",IF(C$1="","",COUNTIFS(tbl_chests[from],$A43,tbl_chests[legalized],C$1,tbl_chests[datetime],">="&TODAY()-WEEKDAY(TODAY(),2)+1,tbl_chests[datetime],"<"&TODAY()-WEEKDAY(TODAY(),2)+8))) -> 1 | D43: =IF($A43="","",IF(D$1="","",COUNTIFS(tbl_chests[from],$A43,tbl_chests[legalized],D$1,tbl_chests[datetime],">="&TODAY()-WEEKDAY(TODAY(),2)+1,tbl_chests[datetime],"<"&TODAY()-WEEKDAY(TODAY(),2)+8))) -> 1 | E43: =IF($A43="","",IF(E$1="","",COUNTIFS(tbl_chests[from],$A43,tbl_chests[legalized],E$1,tbl_chests[datetime],">="&TODAY()-WEEKDAY(TODAY(),2)+1,tbl_chests[datetime],"<"&TODAY()-WEEKDAY(TODAY(),2)+8))) -> 0 | F43: =IF($A43="","",IF(F$1="","",COUNTIFS(tbl_chests[from],$A43,tbl_chests[legalized],F$1,tbl_chests[datetime],">="&TODAY()-WEEKDAY(TODAY(),2)+1,tbl_chests[datetime],"<"&TODAY()-WEEKDAY(TODAY(),2)+8))) -> 0 | G43: =IF($A43="","",IF(G$1="","",COUNTIFS(tbl_chests[from],$A43,tbl_chests[legalized],G$1,tbl_chests[datetime],">="&TODAY()-WEEKDAY(TODAY(),2)+1,tbl_chests[datetime],"<"&TODAY()-WEEKDAY(TODAY(),2)+8))) -> 0 | H43: =IF($A43="","",IF(H$1="","",COUNTIFS(tbl_chests[from],$A43,tbl_chests[legalized],H$1,tbl_chests[datetime],">="&TODAY()-WEEKDAY(TODAY(),2)+1,tbl_chests[datetime],"<"&TODAY()-WEEKDAY(TODAY(),2)+8))) -> 0 | I43: =IF($A43="","",IF(I$1="","",COUNTIFS(tbl_chests[from],$A43,tbl_chests[legalized],I$1,tbl_chests[datetime],">="&TODAY()-WEEKDAY(TODAY(),2)+1,tbl_chests[datetime],"<"&TODAY()-WEEKDAY(TODAY(),2)+8))) -> 0 | J43: =IF($A43="","",IF(J$1="","",COUNTIFS(tbl_chests[from],$A43,tbl_chests[legalized],J$1,tbl_chests[datetime],">="&TODAY()-WEEKDAY(TODAY(),2)+1,tbl_chests[datetime],"<"&TODAY()-WEEKDAY(TODAY(),2)+8))) -> 0 | ... AM43: =IF($A43="","",IF(AM$1="","",COUNTIFS(tbl_chests[from],$A43,tbl_chests[legalized],AM$1,tbl_chests[datetime],">="&TODAY()-WEEKDAY(TODAY(),2)+1,tbl_chests[datetime],"<"&TODAY()-WEEKDAY(TODAY(),2)+8))) -> 0
A44: =chests_counter!$H41 -> 0 | B44: {=IF(A44<>"", SUMPRODUCT(($C$2:$AM$2<>0)*(C44:AM44<>0)*($C$2:$AM$2)*(C44:AM44)), "")} -> 0 | C44: =IF($A44="","",IF(C$1="","",COUNTIFS(tbl_chests[from],$A44,tbl_chests[legalized],C$1,tbl_chests[datetime],">="&TODAY()-WEEKDAY(TODAY(),2)+1,tbl_chests[datetime],"<"&TODAY()-WEEKDAY(TODAY(),2)+8))) -> 0 | D44: =IF($A44="","",IF(D$1="","",COUNTIFS(tbl_chests[from],$A44,tbl_chests[legalized],D$1,tbl_chests[datetime],">="&TODAY()-WEEKDAY(TODAY(),2)+1,tbl_chests[datetime],"<"&TODAY()-WEEKDAY(TODAY(),2)+8))) -> 0 | E44: =IF($A44="","",IF(E$1="","",COUNTIFS(tbl_chests[from],$A44,tbl_chests[legalized],E$1,tbl_chests[datetime],">="&TODAY()-WEEKDAY(TODAY(),2)+1,tbl_chests[datetime],"<"&TODAY()-WEEKDAY(TODAY(),2)+8))) -> 0 | F44: =IF($A44="","",IF(F$1="","",COUNTIFS(tbl_chests[from],$A44,tbl_chests[legalized],F$1,tbl_chests[datetime],">="&TODAY()-WEEKDAY(TODAY(),2)+1,tbl_chests[datetime],"<"&TODAY()-WEEKDAY(TODAY(),2)+8))) -> 0 | G44: =IF($A44="","",IF(G$1="","",COUNTIFS(tbl_chests[from],$A44,tbl_chests[legalized],G$1,tbl_chests[datetime],">="&TODAY()-WEEKDAY(TODAY(),2)+1,tbl_chests[datetime],"<"&TODAY()-WEEKDAY(TODAY(),2)+8))) -> 0 | H44: =IF($A44="","",IF(H$1="","",COUNTIFS(tbl_chests[from],$A44,tbl_chests[legalized],H$1,tbl_chests[datetime],">="&TODAY()-WEEKDAY(TODAY(),2)+1,tbl_chests[datetime],"<"&TODAY()-WEEKDAY(TODAY(),2)+8))) -> 0 | I44: =IF($A44="","",IF(I$1="","",COUNTIFS(tbl_chests[from],$A44,tbl_chests[legalized],I$1,tbl_chests[datetime],">="&TODAY()-WEEKDAY(TODAY(),2)+1,tbl_chests[datetime],"<"&TODAY()-WEEKDAY(TODAY(),2)+8))) -> 0 | J44: =IF($A44="","",IF(J$1="","",COUNTIFS(tbl_chests[from],$A44,tbl_chests[legalized],J$1,tbl_chests[datetime],">="&TODAY()-WEEKDAY(TODAY(),2)+1,tbl_chests[datetime],"<"&TODAY()-WEEKDAY(TODAY(),2)+8))) -> 0 | ... AM44: =IF($A44="","",IF(AM$1="","",COUNTIFS(tbl_chests[from],$A44,tbl_chests[legalized],AM$1,tbl_chests[datetime],">="&TODAY()-WEEKDAY(TODAY(),2)+1,tbl_chests[datetime],"<"&TODAY()-WEEKDAY(TODAY(),2)+8))) -> 0
A45: =chests_counter!$H42 -> 0 | B45: {=IF(A45<>"", SUMPRODUCT(($C$2:$AM$2<>0)*(C45:AM45<>0)*($C$2:$AM$2)*(C45:AM45)), "")} -> 0 | C45: =IF($A45="","",IF(C$1="","",COUNTIFS(tbl_chests[from],$A45,tbl_chests[legalized],C$1,tbl_chests[datetime],">="&TODAY()-WEEKDAY(TODAY(),2)+1,tbl_chests[datetime],"<"&TODAY()-WEEKDAY(TODAY(),2)+8))) -> 0 | D45: =IF($A45="","",IF(D$1="","",COUNTIFS(tbl_chests[from],$A45,tbl_chests[legalized],D$1,tbl_chests[datetime],">="&TODAY()-WEEKDAY(TODAY(),2)+1,tbl_chests[datetime],"<"&TODAY()-WEEKDAY(TODAY(),2)+8))) -> 0 | E45: =IF($A45="","",IF(E$1="","",COUNTIFS(tbl_chests[from],$A45,tbl_chests[legalized],E$1,tbl_chests[datetime],">="&TODAY()-WEEKDAY(TODAY(),2)+1,tbl_chests[datetime],"<"&TODAY()-WEEKDAY(TODAY(),2)+8))) -> 0 | F45: =IF($A45="","",IF(F$1="","",COUNTIFS(tbl_chests[from],$A45,tbl_chests[legalized],F$1,tbl_chests[datetime],">="&TODAY()-WEEKDAY(TODAY(),2)+1,tbl_chests[datetime],"<"&TODAY()-WEEKDAY(TODAY(),2)+8))) -> 0 | G45: =IF($A45="","",IF(G$1="","",COUNTIFS(tbl_chests[from],$A45,tbl_chests[legalized],G$1,tbl_chests[datetime],">="&TODAY()-WEEKDAY(TODAY(),2)+1,tbl_chests[datetime],"<"&TODAY()-WEEKDAY(TODAY(),2)+8))) -> 0 | H45: =IF($A45="","",IF(H$1="","",COUNTIFS(tbl_chests[from],$A45,tbl_chests[legalized],H$1,tbl_chests[datetime],">="&TODAY()-WEEKDAY(TODAY(),2)+1,tbl_chests[datetime],"<"&TODAY()-WEEKDAY(TODAY(),2)+8))) -> 0 | I45: =IF($A45="","",IF(I$1="","",COUNTIFS(tbl_chests[from],$A45,tbl_chests[legalized],I$1,tbl_chests[datetime],">="&TODAY()-WEEKDAY(TODAY(),2)+1,tbl_chests[datetime],"<"&TODAY()-WEEKDAY(TODAY(),2)+8))) -> 0 | J45: =IF($A45="","",IF(J$1="","",COUNTIFS(tbl_chests[from],$A45,tbl_chests[legalized],J$1,tbl_chests[datetime],">="&TODAY()-WEEKDAY(TODAY(),2)+1,tbl_chests[datetime],"<"&TODAY()-WEEKDAY(TODAY(),2)+8))) -> 0 | ... AM45: =IF($A45="","",IF(AM$1="","",COUNTIFS(tbl_chests[from],$A45,tbl_chests[legalized],AM$1,tbl_chests[datetime],">="&TODAY()-WEEKDAY(TODAY(),2)+1,tbl_chests[datetime],"<"&TODAY()-WEEKDAY(TODAY(),2)+8))) -> 0
A46: =chests_counter!$H43 -> 0 | B46: {=IF(A46<>"", SUMPRODUCT(($C$2:$AM$2<>0)*(C46:AM46<>0)*($C$2:$AM$2)*(C46:AM46)), "")} -> 0 | C46: =IF($A46="","",IF(C$1="","",COUNTIFS(tbl_chests[from],$A46,tbl_chests[legalized],C$1,tbl_chests[datetime],">="&TODAY()-WEEKDAY(TODAY(),2)+1,tbl_chests[datetime],"<"&TODAY()-WEEKDAY(TODAY(),2)+8))) -> 0 | D46: =IF($A46="","",IF(D$1="","",COUNTIFS(tbl_chests[from],$A46,tbl_chests[legalized],D$1,tbl_chests[datetime],">="&TODAY()-WEEKDAY(TODAY(),2)+1,tbl_chests[datetime],"<"&TODAY()-WEEKDAY(TODAY(),2)+8))) -> 0 | E46: =IF($A46="","",IF(E$1="","",COUNTIFS(tbl_chests[from],$A46,tbl_chests[legalized],E$1,tbl_chests[datetime],">="&TODAY()-WEEKDAY(TODAY(),2)+1,tbl_chests[datetime],"<"&TODAY()-WEEKDAY(TODAY(),2)+8))) -> 0 | F46: =IF($A46="","",IF(F$1="","",COUNTIFS(tbl_chests[from],$A46,tbl_chests[legalized],F$1,tbl_chests[datetime],">="&TODAY()-WEEKDAY(TODAY(),2)+1,tbl_chests[datetime],"<"&TODAY()-WEEKDAY(TODAY(),2)+8))) -> 0 | G46: =IF($A46="","",IF(G$1="","",COUNTIFS(tbl_chests[from],$A46,tbl_chests[legalized],G$1,tbl_chests[datetime],">="&TODAY()-WEEKDAY(TODAY(),2)+1,tbl_chests[datetime],"<"&TODAY()-WEEKDAY(TODAY(),2)+8))) -> 0 | H46: =IF($A46="","",IF(H$1="","",COUNTIFS(tbl_chests[from],$A46,tbl_chests[legalized],H$1,tbl_chests[datetime],">="&TODAY()-WEEKDAY(TODAY(),2)+1,tbl_chests[datetime],"<"&TODAY()-WEEKDAY(TODAY(),2)+8))) -> 0 | I46: =IF($A46="","",IF(I$1="","",COUNTIFS(tbl_chests[from],$A46,tbl_chests[legalized],I$1,tbl_chests[datetime],">="&TODAY()-WEEKDAY(TODAY(),2)+1,tbl_chests[datetime],"<"&TODAY()-WEEKDAY(TODAY(),2)+8))) -> 0 | J46: =IF($A46="","",IF(J$1="","",COUNTIFS(tbl_chests[from],$A46,tbl_chests[legalized],J$1,tbl_chests[datetime],">="&TODAY()-WEEKDAY(TODAY(),2)+1,tbl_chests[datetime],"<"&TODAY()-WEEKDAY(TODAY(),2)+8))) -> 0 | ... AM46: =IF($A46="","",IF(AM$1="","",COUNTIFS(tbl_chests[from],$A46,tbl_chests[legalized],AM$1,tbl_chests[datetime],">="&TODAY()-WEEKDAY(TODAY(),2)+1,tbl_chests[datetime],"<"&TODAY()-WEEKDAY(TODAY(),2)+8))) -> 0
A47: =chests_counter!$H44 -> 0 | B47: {=IF(A47<>"", SUMPRODUCT(($C$2:$AM$2<>0)*(C47:AM47<>0)*($C$2:$AM$2)*(C47:AM47)), "")} -> 0 | C47: =IF($A47="","",IF(C$1="","",COUNTIFS(tbl_chests[from],$A47,tbl_chests[legalized],C$1,tbl_chests[datetime],">="&TODAY()-WEEKDAY(TODAY(),2)+1,tbl_chests[datetime],"<"&TODAY()-WEEKDAY(TODAY(),2)+8))) -> 0 | D47: =IF($A47="","",IF(D$1="","",COUNTIFS(tbl_chests[from],$A47,tbl_chests[legalized],D$1,tbl_chests[datetime],">="&TODAY()-WEEKDAY(TODAY(),2)+1,tbl_chests[datetime],"<"&TODAY()-WEEKDAY(TODAY(),2)+8))) -> 0 | E47: =IF($A47="","",IF(E$1="","",COUNTIFS(tbl_chests[from],$A47,tbl_chests[legalized],E$1,tbl_chests[datetime],">="&TODAY()-WEEKDAY(TODAY(),2)+1,tbl_chests[datetime],"<"&TODAY()-WEEKDAY(TODAY(),2)+8))) -> 0 | F47: =IF($A47="","",IF(F$1="","",COUNTIFS(tbl_chests[from],$A47,tbl_chests[legalized],F$1,tbl_chests[datetime],">="&TODAY()-WEEKDAY(TODAY(),2)+1,tbl_chests[datetime],"<"&TODAY()-WEEKDAY(TODAY(),2)+8))) -> 0 | G47: =IF($A47="","",IF(G$1="","",COUNTIFS(tbl_chests[from],$A47,tbl_chests[legalized],G$1,tbl_chests[datetime],">="&TODAY()-WEEKDAY(TODAY(),2)+1,tbl_chests[datetime],"<"&TODAY()-WEEKDAY(TODAY(),2)+8))) -> 0 | H47: =IF($A47="","",IF(H$1="","",COUNTIFS(tbl_chests[from],$A47,tbl_chests[legalized],H$1,tbl_chests[datetime],">="&TODAY()-WEEKDAY(TODAY(),2)+1,tbl_chests[datetime],"<"&TODAY()-WEEKDAY(TODAY(),2)+8))) -> 0 | I47: =IF($A47="","",IF(I$1="","",COUNTIFS(tbl_chests[from],$A47,tbl_chests[legalized],I$1,tbl_chests[datetime],">="&TODAY()-WEEKDAY(TODAY(),2)+1,tbl_chests[datetime],"<"&TODAY()-WEEKDAY(TODAY(),2)+8))) -> 0 | J47: =IF($A47="","",IF(J$1="","",COUNTIFS(tbl_chests[from],$A47,tbl_chests[legalized],J$1,tbl_chests[datetime],">="&TODAY()-WEEKDAY(TODAY(),2)+1,tbl_chests[datetime],"<"&TODAY()-WEEKDAY(TODAY(),2)+8))) -> 0 | ... AM47: =IF($A47="","",IF(AM$1="","",COUNTIFS(tbl_chests[from],$A47,tbl_chests[legalized],AM$1,tbl_chests[datetime],">="&TODAY()-WEEKDAY(TODAY(),2)+1,tbl_chests[datetime],"<"&TODAY()-WEEKDAY(TODAY(),2)+8))) -> 0
A48: =chests_counter!$H45 -> 0 | B48: {=IF(A48<>"", SUMPRODUCT(($C$2:$AM$2<>0)*(C48:AM48<>0)*($C$2:$AM$2)*(C48:AM48)), "")} -> 0 | C48: =IF($A48="","",IF(C$1="","",COUNTIFS(tbl_chests[from],$A48,tbl_chests[legalized],C$1,tbl_chests[datetime],">="&TODAY()-WEEKDAY(TODAY(),2)+1,tbl_chests[datetime],"<"&TODAY()-WEEKDAY(TODAY(),2)+8))) -> 0 | D48: =IF($A48="","",IF(D$1="","",COUNTIFS(tbl_chests[from],$A48,tbl_chests[legalized],D$1,tbl_chests[datetime],">="&TODAY()-WEEKDAY(TODAY(),2)+1,tbl_chests[datetime],"<"&TODAY()-WEEKDAY(TODAY(),2)+8))) -> 0 | E48: =IF($A48="","",IF(E$1="","",COUNTIFS(tbl_chests[from],$A48,tbl_chests[legalized],E$1,tbl_chests[datetime],">="&TODAY()-WEEKDAY(TODAY(),2)+1,tbl_chests[datetime],"<"&TODAY()-WEEKDAY(TODAY(),2)+8))) -> 0 | F48: =IF($A48="","",IF(F$1="","",COUNTIFS(tbl_chests[from],$A48,tbl_chests[legalized],F$1,tbl_chests[datetime],">="&TODAY()-WEEKDAY(TODAY(),2)+1,tbl_chests[datetime],"<"&TODAY()-WEEKDAY(TODAY(),2)+8))) -> 0 | G48: =IF($A48="","",IF(G$1="","",COUNTIFS(tbl_chests[from],$A48,tbl_chests[legalized],G$1,tbl_chests[datetime],">="&TODAY()-WEEKDAY(TODAY(),2)+1,tbl_chests[datetime],"<"&TODAY()-WEEKDAY(TODAY(),2)+8))) -> 0 | H48: =IF($A48="","",IF(H$1="","",COUNTIFS(tbl_chests[from],$A48,tbl_chests[legalized],H$1,tbl_chests[datetime],">="&TODAY()-WEEKDAY(TODAY(),2)+1,tbl_chests[datetime],"<"&TODAY()-WEEKDAY(TODAY(),2)+8))) -> 0 | I48: =IF($A48="","",IF(I$1="","",COUNTIFS(tbl_chests[from],$A48,tbl_chests[legalized],I$1,tbl_chests[datetime],">="&TODAY()-WEEKDAY(TODAY(),2)+1,tbl_chests[datetime],"<"&TODAY()-WEEKDAY(TODAY(),2)+8))) -> 0 | J48: =IF($A48="","",IF(J$1="","",COUNTIFS(tbl_chests[from],$A48,tbl_chests[legalized],J$1,tbl_chests[datetime],">="&TODAY()-WEEKDAY(TODAY(),2)+1,tbl_chests[datetime],"<"&TODAY()-WEEKDAY(TODAY(),2)+8))) -> 0 | ... AM48: =IF($A48="","",IF(AM$1="","",COUNTIFS(tbl_chests[from],$A48,tbl_chests[legalized],AM$1,tbl_chests[datetime],">="&TODAY()-WEEKDAY(TODAY(),2)+1,tbl_chests[datetime],"<"&TODAY()-WEEKDAY(TODAY(),2)+8))) -> 0 | BF48: =IF($A48 = "","",IF(BF$1 = "","",COUNTIFS(#REF!,$A48,#REF!,BF$1))) | BG48: =IF($A48 = "","",IF(BG$1 = "","",COUNTIFS(#REF!,$A48,#REF!,BG$1))) | BH48: =IF($A48 = "","",IF(BH$1 = "","",COUNTIFS(#REF!,$A48,#REF!,BH$1))) | BI48: =IF($A48 = "","",IF(BI$1 = "","",COUNTIFS(#REF!,$A48,#REF!,BI$1))) | BJ48: =IF($A48 = "","",IF(BJ$1 = "","",COUNTIFS(#REF!,$A48,#REF!,BJ$1))) | BK48: =IF($A48 = "","",IF(BK$1 = "","",COUNTIFS(#REF!,$A48,#REF!,BK$1))) | BL48: =IF($A48 = "","",IF(BL$1 = "","",COUNTIFS(#REF!,$A48,#REF!,BL$1))) | BM48: =IF($A48 = "","",IF(BM$1 = "","",COUNTIFS(#REF!,$A48,#REF!,BM$1))) | ... BO48: =IF($A48 = "","",IF(BO$1 = "","",COUNTIFS(#REF!,$A48,#REF!,BO$1)))
A49: =chests_counter!$H46 -> 0 | B49: {=IF(A49<>"", SUMPRODUCT(($C$2:$AM$2<>0)*(C49:AM49<>0)*($C$2:$AM$2)*(C49:AM49)), "")} -> 0 | C49: =IF($A49="","",IF(C$1="","",COUNTIFS(tbl_chests[from],$A49,tbl_chests[legalized],C$1,tbl_chests[datetime],">="&TODAY()-WEEKDAY(TODAY(),2)+1,tbl_chests[datetime],"<"&TODAY()-WEEKDAY(TODAY(),2)+8))) -> 0 | D49: =IF($A49="","",IF(D$1="","",COUNTIFS(tbl_chests[from],$A49,tbl_chests[legalized],D$1,tbl_chests[datetime],">="&TODAY()-WEEKDAY(TODAY(),2)+1,tbl_chests[datetime],"<"&TODAY()-WEEKDAY(TODAY(),2)+8))) -> 0 | E49: =IF($A49="","",IF(E$1="","",COUNTIFS(tbl_chests[from],$A49,tbl_chests[legalized],E$1,tbl_chests[datetime],">="&TODAY()-WEEKDAY(TODAY(),2)+1,tbl_chests[datetime],"<"&TODAY()-WEEKDAY(TODAY(),2)+8))) -> 0 | F49: =IF($A49="","",IF(F$1="","",COUNTIFS(tbl_chests[from],$A49,tbl_chests[legalized],F$1,tbl_chests[datetime],">="&TODAY()-WEEKDAY(TODAY(),2)+1,tbl_chests[datetime],"<"&TODAY()-WEEKDAY(TODAY(),2)+8))) -> 0 | G49: =IF($A49="","",IF(G$1="","",COUNTIFS(tbl_chests[from],$A49,tbl_chests[legalized],G$1,tbl_chests[datetime],">="&TODAY()-WEEKDAY(TODAY(),2)+1,tbl_chests[datetime],"<"&TODAY()-WEEKDAY(TODAY(),2)+8))) -> 0 | H49: =IF($A49="","",IF(H$1="","",COUNTIFS(tbl_chests[from],$A49,tbl_chests[legalized],H$1,tbl_chests[datetime],">="&TODAY()-WEEKDAY(TODAY(),2)+1,tbl_chests[datetime],"<"&TODAY()-WEEKDAY(TODAY(),2)+8))) -> 0 | I49: =IF($A49="","",IF(I$1="","",COUNTIFS(tbl_chests[from],$A49,tbl_chests[legalized],I$1,tbl_chests[datetime],">="&TODAY()-WEEKDAY(TODAY(),2)+1,tbl_chests[datetime],"<"&TODAY()-WEEKDAY(TODAY(),2)+8))) -> 0 | J49: =IF($A49="","",IF(J$1="","",COUNTIFS(tbl_chests[from],$A49,tbl_chests[legalized],J$1,tbl_chests[datetime],">="&TODAY()-WEEKDAY(TODAY(),2)+1,tbl_chests[datetime],"<"&TODAY()-WEEKDAY(TODAY(),2)+8))) -> 0 | ... AM49: =IF($A49="","",IF(AM$1="","",COUNTIFS(tbl_chests[from],$A49,tbl_chests[legalized],AM$1,tbl_chests[datetime],">="&TODAY()-WEEKDAY(TODAY(),2)+1,tbl_chests[datetime],"<"&TODAY()-WEEKDAY(TODAY(),2)+8))) -> 0
A50: =chests_counter!$H47 -> 0 | B50: {=IF(A50<>"", SUMPRODUCT(($C$2:$AM$2<>0)*(C50:AM50<>0)*($C$2:$AM$2)*(C50:AM50)), "")} -> 0 | C50: =IF($A50="","",IF(C$1="","",COUNTIFS(tbl_chests[from],$A50,tbl_chests[legalized],C$1,tbl_chests[datetime],">="&TODAY()-WEEKDAY(TODAY(),2)+1,tbl_chests[datetime],"<"&TODAY()-WEEKDAY(TODAY(),2)+8))) -> 0 | D50: =IF($A50="","",IF(D$1="","",COUNTIFS(tbl_chests[from],$A50,tbl_chests[legalized],D$1,tbl_chests[datetime],">="&TODAY()-WEEKDAY(TODAY(),2)+1,tbl_chests[datetime],"<"&TODAY()-WEEKDAY(TODAY(),2)+8))) -> 0 | E50: =IF($A50="","",IF(E$1="","",COUNTIFS(tbl_chests[from],$A50,tbl_chests[legalized],E$1,tbl_chests[datetime],">="&TODAY()-WEEKDAY(TODAY(),2)+1,tbl_chests[datetime],"<"&TODAY()-WEEKDAY(TODAY(),2)+8))) -> 0 | F50: =IF($A50="","",IF(F$1="","",COUNTIFS(tbl_chests[from],$A50,tbl_chests[legalized],F$1,tbl_chests[datetime],">="&TODAY()-WEEKDAY(TODAY(),2)+1,tbl_chests[datetime],"<"&TODAY()-WEEKDAY(TODAY(),2)+8))) -> 0 | G50: =IF($A50="","",IF(G$1="","",COUNTIFS(tbl_chests[from],$A50,tbl_chests[legalized],G$1,tbl_chests[datetime],">="&TODAY()-WEEKDAY(TODAY(),2)+1,tbl_chests[datetime],"<"&TODAY()-WEEKDAY(TODAY(),2)+8))) -> 0 | H50: =IF($A50="","",IF(H$1="","",COUNTIFS(tbl_chests[from],$A50,tbl_chests[legalized],H$1,tbl_chests[datetime],">="&TODAY()-WEEKDAY(TODAY(),2)+1,tbl_chests[datetime],"<"&TODAY()-WEEKDAY(TODAY(),2)+8))) -> 0 | I50: =IF($A50="","",IF(I$1="","",COUNTIFS(tbl_chests[from],$A50,tbl_chests[legalized],I$1,tbl_chests[datetime],">="&TODAY()-WEEKDAY(TODAY(),2)+1,tbl_chests[datetime],"<"&TODAY()-WEEKDAY(TODAY(),2)+8))) -> 0 | J50: =IF($A50="","",IF(J$1="","",COUNTIFS(tbl_chests[from],$A50,tbl_chests[legalized],J$1,tbl_chests[datetime],">="&TODAY()-WEEKDAY(TODAY(),2)+1,tbl_chests[datetime],"<"&TODAY()-WEEKDAY(TODAY(),2)+8))) -> 0 | ... AM50: =IF($A50="","",IF(AM$1="","",COUNTIFS(tbl_chests[from],$A50,tbl_chests[legalized],AM$1,tbl_chests[datetime],">="&TODAY()-WEEKDAY(TODAY(),2)+1,tbl_chests[datetime],"<"&TODAY()-WEEKDAY(TODAY(),2)+8))) -> 0
A51: =chests_counter!$H48 -> 0 | B51: {=IF(A51<>"", SUMPRODUCT(($C$2:$AM$2<>0)*(C51:AM51<>0)*($C$2:$AM$2)*(C51:AM51)), "")} -> 0 | C51: =IF($A51="","",IF(C$1="","",COUNTIFS(tbl_chests[from],$A51,tbl_chests[legalized],C$1,tbl_chests[datetime],">="&TODAY()-WEEKDAY(TODAY(),2)+1,tbl_chests[datetime],"<"&TODAY()-WEEKDAY(TODAY(),2)+8))) -> 0 | D51: =IF($A51="","",IF(D$1="","",COUNTIFS(tbl_chests[from],$A51,tbl_chests[legalized],D$1,tbl_chests[datetime],">="&TODAY()-WEEKDAY(TODAY(),2)+1,tbl_chests[datetime],"<"&TODAY()-WEEKDAY(TODAY(),2)+8))) -> 0 | E51: =IF($A51="","",IF(E$1="","",COUNTIFS(tbl_chests[from],$A51,tbl_chests[legalized],E$1,tbl_chests[datetime],">="&TODAY()-WEEKDAY(TODAY(),2)+1,tbl_chests[datetime],"<"&TODAY()-WEEKDAY(TODAY(),2)+8))) -> 0 | F51: =IF($A51="","",IF(F$1="","",COUNTIFS(tbl_chests[from],$A51,tbl_chests[legalized],F$1,tbl_chests[datetime],">="&TODAY()-WEEKDAY(TODAY(),2)+1,tbl_chests[datetime],"<"&TODAY()-WEEKDAY(TODAY(),2)+8))) -> 0 | G51: =IF($A51="","",IF(G$1="","",COUNTIFS(tbl_chests[from],$A51,tbl_chests[legalized],G$1,tbl_chests[datetime],">="&TODAY()-WEEKDAY(TODAY(),2)+1,tbl_chests[datetime],"<"&TODAY()-WEEKDAY(TODAY(),2)+8))) -> 0 | H51: =IF($A51="","",IF(H$1="","",COUNTIFS(tbl_chests[from],$A51,tbl_chests[legalized],H$1,tbl_chests[datetime],">="&TODAY()-WEEKDAY(TODAY(),2)+1,tbl_chests[datetime],"<"&TODAY()-WEEKDAY(TODAY(),2)+8))) -> 0 | I51: =IF($A51="","",IF(I$1="","",COUNTIFS(tbl_chests[from],$A51,tbl_chests[legalized],I$1,tbl_chests[datetime],">="&TODAY()-WEEKDAY(TODAY(),2)+1,tbl_chests[datetime],"<"&TODAY()-WEEKDAY(TODAY(),2)+8))) -> 0 | J51: =IF($A51="","",IF(J$1="","",COUNTIFS(tbl_chests[from],$A51,tbl_chests[legalized],J$1,tbl_chests[datetime],">="&TODAY()-WEEKDAY(TODAY(),2)+1,tbl_chests[datetime],"<"&TODAY()-WEEKDAY(TODAY(),2)+8))) -> 0 | ... AM51: =IF($A51="","",IF(AM$1="","",COUNTIFS(tbl_chests[from],$A51,tbl_chests[legalized],AM$1,tbl_chests[datetime],">="&TODAY()-WEEKDAY(TODAY(),2)+1,tbl_chests[datetime],"<"&TODAY()-WEEKDAY(TODAY(),2)+8))) -> 0
A52: =chests_counter!$H49 -> 0 | B52: {=IF(A52<>"", SUMPRODUCT(($C$2:$AM$2<>0)*(C52:AM52<>0)*($C$2:$AM$2)*(C52:AM52)), "")} -> 0 | C52: =IF($A52="","",IF(C$1="","",COUNTIFS(tbl_chests[from],$A52,tbl_chests[legalized],C$1,tbl_chests[datetime],">="&TODAY()-WEEKDAY(TODAY(),2)+1,tbl_chests[datetime],"<"&TODAY()-WEEKDAY(TODAY(),2)+8))) -> 0 | D52: =IF($A52="","",IF(D$1="","",COUNTIFS(tbl_chests[from],$A52,tbl_chests[legalized],D$1,tbl_chests[datetime],">="&TODAY()-WEEKDAY(TODAY(),2)+1,tbl_chests[datetime],"<"&TODAY()-WEEKDAY(TODAY(),2)+8))) -> 0 | E52: =IF($A52="","",IF(E$1="","",COUNTIFS(tbl_chests[from],$A52,tbl_chests[legalized],E$1,tbl_chests[datetime],">="&TODAY()-WEEKDAY(TODAY(),2)+1,tbl_chests[datetime],"<"&TODAY()-WEEKDAY(TODAY(),2)+8))) -> 0 | F52: =IF($A52="","",IF(F$1="","",COUNTIFS(tbl_chests[from],$A52,tbl_chests[legalized],F$1,tbl_chests[datetime],">="&TODAY()-WEEKDAY(TODAY(),2)+1,tbl_chests[datetime],"<"&TODAY()-WEEKDAY(TODAY(),2)+8))) -> 0 | G52: =IF($A52="","",IF(G$1="","",COUNTIFS(tbl_chests[from],$A52,tbl_chests[legalized],G$1,tbl_chests[datetime],">="&TODAY()-WEEKDAY(TODAY(),2)+1,tbl_chests[datetime],"<"&TODAY()-WEEKDAY(TODAY(),2)+8))) -> 0 | H52: =IF($A52="","",IF(H$1="","",COUNTIFS(tbl_chests[from],$A52,tbl_chests[legalized],H$1,tbl_chests[datetime],">="&TODAY()-WEEKDAY(TODAY(),2)+1,tbl_chests[datetime],"<"&TODAY()-WEEKDAY(TODAY(),2)+8))) -> 0 | I52: =IF($A52="","",IF(I$1="","",COUNTIFS(tbl_chests[from],$A52,tbl_chests[legalized],I$1,tbl_chests[datetime],">="&TODAY()-WEEKDAY(TODAY(),2)+1,tbl_chests[datetime],"<"&TODAY()-WEEKDAY(TODAY(),2)+8))) -> 0 | J52: =IF($A52="","",IF(J$1="","",COUNTIFS(tbl_chests[from],$A52,tbl_chests[legalized],J$1,tbl_chests[datetime],">="&TODAY()-WEEKDAY(TODAY(),2)+1,tbl_chests[datetime],"<"&TODAY()-WEEKDAY(TODAY(),2)+8))) -> 0 | ... AM52: =IF($A52="","",IF(AM$1="","",COUNTIFS(tbl_chests[from],$A52,tbl_chests[legalized],AM$1,tbl_chests[datetime],">="&TODAY()-WEEKDAY(TODAY(),2)+1,tbl_chests[datetime],"<"&TODAY()-WEEKDAY(TODAY(),2)+8))) -> 0
A53: =chests_counter!$H50 -> 0 | B53: {=IF(A53<>"", SUMPRODUCT(($C$2:$AM$2<>0)*(C53:AM53<>0)*($C$2:$AM$2)*(C53:AM53)), "")} -> 0 | C53: =IF($A53="","",IF(C$1="","",COUNTIFS(tbl_chests[from],$A53,tbl_chests[legalized],C$1,tbl_chests[datetime],">="&TODAY()-WEEKDAY(TODAY(),2)+1,tbl_chests[datetime],"<"&TODAY()-WEEKDAY(TODAY(),2)+8))) -> 0 | D53: =IF($A53="","",IF(D$1="","",COUNTIFS(tbl_chests[from],$A53,tbl_chests[legalized],D$1,tbl_chests[datetime],">="&TODAY()-WEEKDAY(TODAY(),2)+1,tbl_chests[datetime],"<"&TODAY()-WEEKDAY(TODAY(),2)+8))) -> 0 | E53: =IF($A53="","",IF(E$1="","",COUNTIFS(tbl_chests[from],$A53,tbl_chests[legalized],E$1,tbl_chests[datetime],">="&TODAY()-WEEKDAY(TODAY(),2)+1,tbl_chests[datetime],"<"&TODAY()-WEEKDAY(TODAY(),2)+8))) -> 0 | F53: =IF($A53="","",IF(F$1="","",COUNTIFS(tbl_chests[from],$A53,tbl_chests[legalized],F$1,tbl_chests[datetime],">="&TODAY()-WEEKDAY(TODAY(),2)+1,tbl_chests[datetime],"<"&TODAY()-WEEKDAY(TODAY(),2)+8))) -> 0 | G53: =IF($A53="","",IF(G$1="","",COUNTIFS(tbl_chests[from],$A53,tbl_chests[legalized],G$1,tbl_chests[datetime],">="&TODAY()-WEEKDAY(TODAY(),2)+1,tbl_chests[datetime],"<"&TODAY()-WEEKDAY(TODAY(),2)+8))) -> 0 | H53: =IF($A53="","",IF(H$1="","",COUNTIFS(tbl_chests[from],$A53,tbl_chests[legalized],H$1,tbl_chests[datetime],">="&TODAY()-WEEKDAY(TODAY(),2)+1,tbl_chests[datetime],"<"&TODAY()-WEEKDAY(TODAY(),2)+8))) -> 0 | I53: =IF($A53="","",IF(I$1="","",COUNTIFS(tbl_chests[from],$A53,tbl_chests[legalized],I$1,tbl_chests[datetime],">="&TODAY()-WEEKDAY(TODAY(),2)+1,tbl_chests[datetime],"<"&TODAY()-WEEKDAY(TODAY(),2)+8))) -> 0 | J53: =IF($A53="","",IF(J$1="","",COUNTIFS(tbl_chests[from],$A53,tbl_chests[legalized],J$1,tbl_chests[datetime],">="&TODAY()-WEEKDAY(TODAY(),2)+1,tbl_chests[datetime],"<"&TODAY()-WEEKDAY(TODAY(),2)+8))) -> 0 | ... AM53: =IF($A53="","",IF(AM$1="","",COUNTIFS(tbl_chests[from],$A53,tbl_chests[legalized],AM$1,tbl_chests[datetime],">="&TODAY()-WEEKDAY(TODAY(),2)+1,tbl_chests[datetime],"<"&TODAY()-WEEKDAY(TODAY(),2)+8))) -> 0
A54: =chests_counter!$H51 -> 0 | B54: {=IF(A54<>"", SUMPRODUCT(($C$2:$AM$2<>0)*(C54:AM54<>0)*($C$2:$AM$2)*(C54:AM54)), "")} -> 0 | C54: =IF($A54="","",IF(C$1="","",COUNTIFS(tbl_chests[from],$A54,tbl_chests[legalized],C$1,tbl_chests[datetime],">="&TODAY()-WEEKDAY(TODAY(),2)+1,tbl_chests[datetime],"<"&TODAY()-WEEKDAY(TODAY(),2)+8))) -> 0 | D54: =IF($A54="","",IF(D$1="","",COUNTIFS(tbl_chests[from],$A54,tbl_chests[legalized],D$1,tbl_chests[datetime],">="&TODAY()-WEEKDAY(TODAY(),2)+1,tbl_chests[datetime],"<"&TODAY()-WEEKDAY(TODAY(),2)+8))) -> 0 | E54: =IF($A54="","",IF(E$1="","",COUNTIFS(tbl_chests[from],$A54,tbl_chests[legalized],E$1,tbl_chests[datetime],">="&TODAY()-WEEKDAY(TODAY(),2)+1,tbl_chests[datetime],"<"&TODAY()-WEEKDAY(TODAY(),2)+8))) -> 0 | F54: =IF($A54="","",IF(F$1="","",COUNTIFS(tbl_chests[from],$A54,tbl_chests[legalized],F$1,tbl_chests[datetime],">="&TODAY()-WEEKDAY(TODAY(),2)+1,tbl_chests[datetime],"<"&TODAY()-WEEKDAY(TODAY(),2)+8))) -> 0 | G54: =IF($A54="","",IF(G$1="","",COUNTIFS(tbl_chests[from],$A54,tbl_chests[legalized],G$1,tbl_chests[datetime],">="&TODAY()-WEEKDAY(TODAY(),2)+1,tbl_chests[datetime],"<"&TODAY()-WEEKDAY(TODAY(),2)+8))) -> 0 | H54: =IF($A54="","",IF(H$1="","",COUNTIFS(tbl_chests[from],$A54,tbl_chests[legalized],H$1,tbl_chests[datetime],">="&TODAY()-WEEKDAY(TODAY(),2)+1,tbl_chests[datetime],"<"&TODAY()-WEEKDAY(TODAY(),2)+8))) -> 0 | I54: =IF($A54="","",IF(I$1="","",COUNTIFS(tbl_chests[from],$A54,tbl_chests[legalized],I$1,tbl_chests[datetime],">="&TODAY()-WEEKDAY(TODAY(),2)+1,tbl_chests[datetime],"<"&TODAY()-WEEKDAY(TODAY(),2)+8))) -> 0 | J54: =IF($A54="","",IF(J$1="","",COUNTIFS(tbl_chests[from],$A54,tbl_chests[legalized],J$1,tbl_chests[datetime],">="&TODAY()-WEEKDAY(TODAY(),2)+1,tbl_chests[datetime],"<"&TODAY()-WEEKDAY(TODAY(),2)+8))) -> 0 | ... AM54: =IF($A54="","",IF(AM$1="","",COUNTIFS(tbl_chests[from],$A54,tbl_chests[legalized],AM$1,tbl_chests[datetime],">="&TODAY()-WEEKDAY(TODAY(),2)+1,tbl_chests[datetime],"<"&TODAY()-WEEKDAY(TODAY(),2)+8))) -> 0
A55: =chests_counter!$H52 -> 0 | B55: {=IF(A55<>"", SUMPRODUCT(($C$2:$AM$2<>0)*(C55:AM55<>0)*($C$2:$AM$2)*(C55:AM55)), "")} -> 0 | C55: =IF($A55="","",IF(C$1="","",COUNTIFS(tbl_chests[from],$A55,tbl_chests[legalized],C$1,tbl_chests[datetime],">="&TODAY()-WEEKDAY(TODAY(),2)+1,tbl_chests[datetime],"<"&TODAY()-WEEKDAY(TODAY(),2)+8))) -> 0 | D55: =IF($A55="","",IF(D$1="","",COUNTIFS(tbl_chests[from],$A55,tbl_chests[legalized],D$1,tbl_chests[datetime],">="&TODAY()-WEEKDAY(TODAY(),2)+1,tbl_chests[datetime],"<"&TODAY()-WEEKDAY(TODAY(),2)+8))) -> 0 | E55: =IF($A55="","",IF(E$1="","",COUNTIFS(tbl_chests[from],$A55,tbl_chests[legalized],E$1,tbl_chests[datetime],">="&TODAY()-WEEKDAY(TODAY(),2)+1,tbl_chests[datetime],"<"&TODAY()-WEEKDAY(TODAY(),2)+8))) -> 0 | F55: =IF($A55="","",IF(F$1="","",COUNTIFS(tbl_chests[from],$A55,tbl_chests[legalized],F$1,tbl_chests[datetime],">="&TODAY()-WEEKDAY(TODAY(),2)+1,tbl_chests[datetime],"<"&TODAY()-WEEKDAY(TODAY(),2)+8))) -> 0 | G55: =IF($A55="","",IF(G$1="","",COUNTIFS(tbl_chests[from],$A55,tbl_chests[legalized],G$1,tbl_chests[datetime],">="&TODAY()-WEEKDAY(TODAY(),2)+1,tbl_chests[datetime],"<"&TODAY()-WEEKDAY(TODAY(),2)+8))) -> 0 | H55: =IF($A55="","",IF(H$1="","",COUNTIFS(tbl_chests[from],$A55,tbl_chests[legalized],H$1,tbl_chests[datetime],">="&TODAY()-WEEKDAY(TODAY(),2)+1,tbl_chests[datetime],"<"&TODAY()-WEEKDAY(TODAY(),2)+8))) -> 0 | I55: =IF($A55="","",IF(I$1="","",COUNTIFS(tbl_chests[from],$A55,tbl_chests[legalized],I$1,tbl_chests[datetime],">="&TODAY()-WEEKDAY(TODAY(),2)+1,tbl_chests[datetime],"<"&TODAY()-WEEKDAY(TODAY(),2)+8))) -> 0 | J55: =IF($A55="","",IF(J$1="","",COUNTIFS(tbl_chests[from],$A55,tbl_chests[legalized],J$1,tbl_chests[datetime],">="&TODAY()-WEEKDAY(TODAY(),2)+1,tbl_chests[datetime],"<"&TODAY()-WEEKDAY(TODAY(),2)+8))) -> 0 | ... AM55: =IF($A55="","",IF(AM$1="","",COUNTIFS(tbl_chests[from],$A55,tbl_chests[legalized],AM$1,tbl_chests[datetime],">="&TODAY()-WEEKDAY(TODAY(),2)+1,tbl_chests[datetime],"<"&TODAY()-WEEKDAY(TODAY(),2)+8))) -> 0
A56: =chests_counter!$H53 -> 0 | B56: {=IF(A56<>"", SUMPRODUCT(($C$2:$AM$2<>0)*(C56:AM56<>0)*($C$2:$AM$2)*(C56:AM56)), "")} -> 0 | C56: =IF($A56="","",IF(C$1="","",COUNTIFS(tbl_chests[from],$A56,tbl_chests[legalized],C$1,tbl_chests[datetime],">="&TODAY()-WEEKDAY(TODAY(),2)+1,tbl_chests[datetime],"<"&TODAY()-WEEKDAY(TODAY(),2)+8))) -> 0 | D56: =IF($A56="","",IF(D$1="","",COUNTIFS(tbl_chests[from],$A56,tbl_chests[legalized],D$1,tbl_chests[datetime],">="&TODAY()-WEEKDAY(TODAY(),2)+1,tbl_chests[datetime],"<"&TODAY()-WEEKDAY(TODAY(),2)+8))) -> 0 | E56: =IF($A56="","",IF(E$1="","",COUNTIFS(tbl_chests[from],$A56,tbl_chests[legalized],E$1,tbl_chests[datetime],">="&TODAY()-WEEKDAY(TODAY(),2)+1,tbl_chests[datetime],"<"&TODAY()-WEEKDAY(TODAY(),2)+8))) -> 0 | F56: =IF($A56="","",IF(F$1="","",COUNTIFS(tbl_chests[from],$A56,tbl_chests[legalized],F$1,tbl_chests[datetime],">="&TODAY()-WEEKDAY(TODAY(),2)+1,tbl_chests[datetime],"<"&TODAY()-WEEKDAY(TODAY(),2)+8))) -> 0 | G56: =IF($A56="","",IF(G$1="","",COUNTIFS(tbl_chests[from],$A56,tbl_chests[legalized],G$1,tbl_chests[datetime],">="&TODAY()-WEEKDAY(TODAY(),2)+1,tbl_chests[datetime],"<"&TODAY()-WEEKDAY(TODAY(),2)+8))) -> 0 | H56: =IF($A56="","",IF(H$1="","",COUNTIFS(tbl_chests[from],$A56,tbl_chests[legalized],H$1,tbl_chests[datetime],">="&TODAY()-WEEKDAY(TODAY(),2)+1,tbl_chests[datetime],"<"&TODAY()-WEEKDAY(TODAY(),2)+8))) -> 0 | I56: =IF($A56="","",IF(I$1="","",COUNTIFS(tbl_chests[from],$A56,tbl_chests[legalized],I$1,tbl_chests[datetime],">="&TODAY()-WEEKDAY(TODAY(),2)+1,tbl_chests[datetime],"<"&TODAY()-WEEKDAY(TODAY(),2)+8))) -> 0 | J56: =IF($A56="","",IF(J$1="","",COUNTIFS(tbl_chests[from],$A56,tbl_chests[legalized],J$1,tbl_chests[datetime],">="&TODAY()-WEEKDAY(TODAY(),2)+1,tbl_chests[datetime],"<"&TODAY()-WEEKDAY(TODAY(),2)+8))) -> 0 | ... AM56: =IF($A56="","",IF(AM$1="","",COUNTIFS(tbl_chests[from],$A56,tbl_chests[legalized],AM$1,tbl_chests[datetime],">="&TODAY()-WEEKDAY(TODAY(),2)+1,tbl_chests[datetime],"<"&TODAY()-WEEKDAY(TODAY(),2)+8))) -> 0
A57: =chests_counter!$H54 -> 0 | B57: {=IF(A57<>"", SUMPRODUCT(($C$2:$AM$2<>0)*(C57:AM57<>0)*($C$2:$AM$2)*(C57:AM57)), "")} -> 0 | C57: =IF($A57="","",IF(C$1="","",COUNTIFS(tbl_chests[from],$A57,tbl_chests[legalized],C$1,tbl_chests[datetime],">="&TODAY()-WEEKDAY(TODAY(),2)+1,tbl_chests[datetime],"<"&TODAY()-WEEKDAY(TODAY(),2)+8))) -> 0 | D57: =IF($A57="","",IF(D$1="","",COUNTIFS(tbl_chests[from],$A57,tbl_chests[legalized],D$1,tbl_chests[datetime],">="&TODAY()-WEEKDAY(TODAY(),2)+1,tbl_chests[datetime],"<"&TODAY()-WEEKDAY(TODAY(),2)+8))) -> 0 | E57: =IF($A57="","",IF(E$1="","",COUNTIFS(tbl_chests[from],$A57,tbl_chests[legalized],E$1,tbl_chests[datetime],">="&TODAY()-WEEKDAY(TODAY(),2)+1,tbl_chests[datetime],"<"&TODAY()-WEEKDAY(TODAY(),2)+8))) -> 0 | F57: =IF($A57="","",IF(F$1="","",COUNTIFS(tbl_chests[from],$A57,tbl_chests[legalized],F$1,tbl_chests[datetime],">="&TODAY()-WEEKDAY(TODAY(),2)+1,tbl_chests[datetime],"<"&TODAY()-WEEKDAY(TODAY(),2)+8))) -> 0 | G57: =IF($A57="","",IF(G$1="","",COUNTIFS(tbl_chests[from],$A57,tbl_chests[legalized],G$1,tbl_chests[datetime],">="&TODAY()-WEEKDAY(TODAY(),2)+1,tbl_chests[datetime],"<"&TODAY()-WEEKDAY(TODAY(),2)+8))) -> 0 | H57: =IF($A57="","",IF(H$1="","",COUNTIFS(tbl_chests[from],$A57,tbl_chests[legalized],H$1,tbl_chests[datetime],">="&TODAY()-WEEKDAY(TODAY(),2)+1,tbl_chests[datetime],"<"&TODAY()-WEEKDAY(TODAY(),2)+8))) -> 0 | I57: =IF($A57="","",IF(I$1="","",COUNTIFS(tbl_chests[from],$A57,tbl_chests[legalized],I$1,tbl_chests[datetime],">="&TODAY()-WEEKDAY(TODAY(),2)+1,tbl_chests[datetime],"<"&TODAY()-WEEKDAY(TODAY(),2)+8))) -> 0 | J57: =IF($A57="","",IF(J$1="","",COUNTIFS(tbl_chests[from],$A57,tbl_chests[legalized],J$1,tbl_chests[datetime],">="&TODAY()-WEEKDAY(TODAY(),2)+1,tbl_chests[datetime],"<"&TODAY()-WEEKDAY(TODAY(),2)+8))) -> 0 | ... AM57: =IF($A57="","",IF(AM$1="","",COUNTIFS(tbl_chests[from],$A57,tbl_chests[legalized],AM$1,tbl_chests[datetime],">="&TODAY()-WEEKDAY(TODAY(),2)+1,tbl_chests[datetime],"<"&TODAY()-WEEKDAY(TODAY(),2)+8))) -> 0
A58: =chests_counter!$H55 -> 0 | B58: {=IF(A58<>"", SUMPRODUCT(($C$2:$AM$2<>0)*(C58:AM58<>0)*($C$2:$AM$2)*(C58:AM58)), "")} -> 0 | C58: =IF($A58="","",IF(C$1="","",COUNTIFS(tbl_chests[from],$A58,tbl_chests[legalized],C$1,tbl_chests[datetime],">="&TODAY()-WEEKDAY(TODAY(),2)+1,tbl_chests[datetime],"<"&TODAY()-WEEKDAY(TODAY(),2)+8))) -> 0 | D58: =IF($A58="","",IF(D$1="","",COUNTIFS(tbl_chests[from],$A58,tbl_chests[legalized],D$1,tbl_chests[datetime],">="&TODAY()-WEEKDAY(TODAY(),2)+1,tbl_chests[datetime],"<"&TODAY()-WEEKDAY(TODAY(),2)+8))) -> 0 | E58: =IF($A58="","",IF(E$1="","",COUNTIFS(tbl_chests[from],$A58,tbl_chests[legalized],E$1,tbl_chests[datetime],">="&TODAY()-WEEKDAY(TODAY(),2)+1,tbl_chests[datetime],"<"&TODAY()-WEEKDAY(TODAY(),2)+8))) -> 0 | F58: =IF($A58="","",IF(F$1="","",COUNTIFS(tbl_chests[from],$A58,tbl_chests[legalized],F$1,tbl_chests[datetime],">="&TODAY()-WEEKDAY(TODAY(),2)+1,tbl_chests[datetime],"<"&TODAY()-WEEKDAY(TODAY(),2)+8))) -> 0 | G58: =IF($A58="","",IF(G$1="","",COUNTIFS(tbl_chests[from],$A58,tbl_chests[legalized],G$1,tbl_chests[datetime],">="&TODAY()-WEEKDAY(TODAY(),2)+1,tbl_chests[datetime],"<"&TODAY()-WEEKDAY(TODAY(),2)+8))) -> 0 | H58: =IF($A58="","",IF(H$1="","",COUNTIFS(tbl_chests[from],$A58,tbl_chests[legalized],H$1,tbl_chests[datetime],">="&TODAY()-WEEKDAY(TODAY(),2)+1,tbl_chests[datetime],"<"&TODAY()-WEEKDAY(TODAY(),2)+8))) -> 0 | I58: =IF($A58="","",IF(I$1="","",COUNTIFS(tbl_chests[from],$A58,tbl_chests[legalized],I$1,tbl_chests[datetime],">="&TODAY()-WEEKDAY(TODAY(),2)+1,tbl_chests[datetime],"<"&TODAY()-WEEKDAY(TODAY(),2)+8))) -> 0 | J58: =IF($A58="","",IF(J$1="","",COUNTIFS(tbl_chests[from],$A58,tbl_chests[legalized],J$1,tbl_chests[datetime],">="&TODAY()-WEEKDAY(TODAY(),2)+1,tbl_chests[datetime],"<"&TODAY()-WEEKDAY(TODAY(),2)+8))) -> 0 | ... AM58: =IF($A58="","",IF(AM$1="","",COUNTIFS(tbl_chests[from],$A58,tbl_chests[legalized],AM$1,tbl_chests[datetime],">="&TODAY()-WEEKDAY(TODAY(),2)+1,tbl_chests[datetime],"<"&TODAY()-WEEKDAY(TODAY(),2)+8))) -> 0 | BF58: =IF($A58 = "","",IF(BF$1 = "","",COUNTIFS(#REF!,$A58,#REF!,BF$1))) | BG58: =IF($A58 = "","",IF(BG$1 = "","",COUNTIFS(#REF!,$A58,#REF!,BG$1))) | BH58: =IF($A58 = "","",IF(BH$1 = "","",COUNTIFS(#REF!,$A58,#REF!,BH$1))) | BI58: =IF($A58 = "","",IF(BI$1 = "","",COUNTIFS(#REF!,$A58,#REF!,BI$1))) | BJ58: =IF($A58 = "","",IF(BJ$1 = "","",COUNTIFS(#REF!,$A58,#REF!,BJ$1))) | BK58: =IF($A58 = "","",IF(BK$1 = "","",COUNTIFS(#REF!,$A58,#REF!,BK$1))) | BL58: =IF($A58 = "","",IF(BL$1 = "","",COUNTIFS(#REF!,$A58,#REF!,BL$1))) | BM58: =IF($A58 = "","",IF(BM$1 = "","",COUNTIFS(#REF!,$A58,#REF!,BM$1))) | ... BO58: =IF($A58 = "","",IF(BO$1 = "","",COUNTIFS(#REF!,$A58,#REF!,BO$1)))
A59: =chests_counter!$H56 -> 0 | B59: {=IF(A59<>"", SUMPRODUCT(($C$2:$AM$2<>0)*(C59:AM59<>0)*($C$2:$AM$2)*(C59:AM59)), "")} -> 0 | C59: =IF($A59="","",IF(C$1="","",COUNTIFS(tbl_chests[from],$A59,tbl_chests[legalized],C$1,tbl_chests[datetime],">="&TODAY()-WEEKDAY(TODAY(),2)+1,tbl_chests[datetime],"<"&TODAY()-WEEKDAY(TODAY(),2)+8))) -> 0 | D59: =IF($A59="","",IF(D$1="","",COUNTIFS(tbl_chests[from],$A59,tbl_chests[legalized],D$1,tbl_chests[datetime],">="&TODAY()-WEEKDAY(TODAY(),2)+1,tbl_chests[datetime],"<"&TODAY()-WEEKDAY(TODAY(),2)+8))) -> 0 | E59: =IF($A59="","",IF(E$1="","",COUNTIFS(tbl_chests[from],$A59,tbl_chests[legalized],E$1,tbl_chests[datetime],">="&TODAY()-WEEKDAY(TODAY(),2)+1,tbl_chests[datetime],"<"&TODAY()-WEEKDAY(TODAY(),2)+8))) -> 0 | F59: =IF($A59="","",IF(F$1="","",COUNTIFS(tbl_chests[from],$A59,tbl_chests[legalized],F$1,tbl_chests[datetime],">="&TODAY()-WEEKDAY(TODAY(),2)+1,tbl_chests[datetime],"<"&TODAY()-WEEKDAY(TODAY(),2)+8))) -> 0 | G59: =IF($A59="","",IF(G$1="","",COUNTIFS(tbl_chests[from],$A59,tbl_chests[legalized],G$1,tbl_chests[datetime],">="&TODAY()-WEEKDAY(TODAY(),2)+1,tbl_chests[datetime],"<"&TODAY()-WEEKDAY(TODAY(),2)+8))) -> 0 | H59: =IF($A59="","",IF(H$1="","",COUNTIFS(tbl_chests[from],$A59,tbl_chests[legalized],H$1,tbl_chests[datetime],">="&TODAY()-WEEKDAY(TODAY(),2)+1,tbl_chests[datetime],"<"&TODAY()-WEEKDAY(TODAY(),2)+8))) -> 0 | I59: =IF($A59="","",IF(I$1="","",COUNTIFS(tbl_chests[from],$A59,tbl_chests[legalized],I$1,tbl_chests[datetime],">="&TODAY()-WEEKDAY(TODAY(),2)+1,tbl_chests[datetime],"<"&TODAY()-WEEKDAY(TODAY(),2)+8))) -> 0 | J59: =IF($A59="","",IF(J$1="","",COUNTIFS(tbl_chests[from],$A59,tbl_chests[legalized],J$1,tbl_chests[datetime],">="&TODAY()-WEEKDAY(TODAY(),2)+1,tbl_chests[datetime],"<"&TODAY()-WEEKDAY(TODAY(),2)+8))) -> 0 | ... AM59: =IF($A59="","",IF(AM$1="","",COUNTIFS(tbl_chests[from],$A59,tbl_chests[legalized],AM$1,tbl_chests[datetime],">="&TODAY()-WEEKDAY(TODAY(),2)+1,tbl_chests[datetime],"<"&TODAY()-WEEKDAY(TODAY(),2)+8))) -> 0
A60: =chests_counter!$H57 -> 0 | B60: {=IF(A60<>"", SUMPRODUCT(($C$2:$AM$2<>0)*(C60:AM60<>0)*($C$2:$AM$2)*(C60:AM60)), "")} -> 0 | C60: =IF($A60="","",IF(C$1="","",COUNTIFS(tbl_chests[from],$A60,tbl_chests[legalized],C$1,tbl_chests[datetime],">="&TODAY()-WEEKDAY(TODAY(),2)+1,tbl_chests[datetime],"<"&TODAY()-WEEKDAY(TODAY(),2)+8))) -> 0 | D60: =IF($A60="","",IF(D$1="","",COUNTIFS(tbl_chests[from],$A60,tbl_chests[legalized],D$1,tbl_chests[datetime],">="&TODAY()-WEEKDAY(TODAY(),2)+1,tbl_chests[datetime],"<"&TODAY()-WEEKDAY(TODAY(),2)+8))) -> 0 | E60: =IF($A60="","",IF(E$1="","",COUNTIFS(tbl_chests[from],$A60,tbl_chests[legalized],E$1,tbl_chests[datetime],">="&TODAY()-WEEKDAY(TODAY(),2)+1,tbl_chests[datetime],"<"&TODAY()-WEEKDAY(TODAY(),2)+8))) -> 0 | F60: =IF($A60="","",IF(F$1="","",COUNTIFS(tbl_chests[from],$A60,tbl_chests[legalized],F$1,tbl_chests[datetime],">="&TODAY()-WEEKDAY(TODAY(),2)+1,tbl_chests[datetime],"<"&TODAY()-WEEKDAY(TODAY(),2)+8))) -> 0 | G60: =IF($A60="","",IF(G$1="","",COUNTIFS(tbl_chests[from],$A60,tbl_chests[legalized],G$1,tbl_chests[datetime],">="&TODAY()-WEEKDAY(TODAY(),2)+1,tbl_chests[datetime],"<"&TODAY()-WEEKDAY(TODAY(),2)+8))) -> 0 | H60: =IF($A60="","",IF(H$1="","",COUNTIFS(tbl_chests[from],$A60,tbl_chests[legalized],H$1,tbl_chests[datetime],">="&TODAY()-WEEKDAY(TODAY(),2)+1,tbl_chests[datetime],"<"&TODAY()-WEEKDAY(TODAY(),2)+8))) -> 0 | I60: =IF($A60="","",IF(I$1="","",COUNTIFS(tbl_chests[from],$A60,tbl_chests[legalized],I$1,tbl_chests[datetime],">="&TODAY()-WEEKDAY(TODAY(),2)+1,tbl_chests[datetime],"<"&TODAY()-WEEKDAY(TODAY(),2)+8))) -> 0 | J60: =IF($A60="","",IF(J$1="","",COUNTIFS(tbl_chests[from],$A60,tbl_chests[legalized],J$1,tbl_chests[datetime],">="&TODAY()-WEEKDAY(TODAY(),2)+1,tbl_chests[datetime],"<"&TODAY()-WEEKDAY(TODAY(),2)+8))) -> 0 | ... AM60: =IF($A60="","",IF(AM$1="","",COUNTIFS(tbl_chests[from],$A60,tbl_chests[legalized],AM$1,tbl_chests[datetime],">="&TODAY()-WEEKDAY(TODAY(),2)+1,tbl_chests[datetime],"<"&TODAY()-WEEKDAY(TODAY(),2)+8))) -> 0
A61: =chests_counter!$H58 -> 0 | B61: {=IF(A61<>"", SUMPRODUCT(($C$2:$AM$2<>0)*(C61:AM61<>0)*($C$2:$AM$2)*(C61:AM61)), "")} -> 0 | C61: =IF($A61="","",IF(C$1="","",COUNTIFS(tbl_chests[from],$A61,tbl_chests[legalized],C$1,tbl_chests[datetime],">="&TODAY()-WEEKDAY(TODAY(),2)+1,tbl_chests[datetime],"<"&TODAY()-WEEKDAY(TODAY(),2)+8))) -> 0 | D61: =IF($A61="","",IF(D$1="","",COUNTIFS(tbl_chests[from],$A61,tbl_chests[legalized],D$1,tbl_chests[datetime],">="&TODAY()-WEEKDAY(TODAY(),2)+1,tbl_chests[datetime],"<"&TODAY()-WEEKDAY(TODAY(),2)+8))) -> 0 | E61: =IF($A61="","",IF(E$1="","",COUNTIFS(tbl_chests[from],$A61,tbl_chests[legalized],E$1,tbl_chests[datetime],">="&TODAY()-WEEKDAY(TODAY(),2)+1,tbl_chests[datetime],"<"&TODAY()-WEEKDAY(TODAY(),2)+8))) -> 0 | F61: =IF($A61="","",IF(F$1="","",COUNTIFS(tbl_chests[from],$A61,tbl_chests[legalized],F$1,tbl_chests[datetime],">="&TODAY()-WEEKDAY(TODAY(),2)+1,tbl_chests[datetime],"<"&TODAY()-WEEKDAY(TODAY(),2)+8))) -> 0 | G61: =IF($A61="","",IF(G$1="","",COUNTIFS(tbl_chests[from],$A61,tbl_chests[legalized],G$1,tbl_chests[datetime],">="&TODAY()-WEEKDAY(TODAY(),2)+1,tbl_chests[datetime],"<"&TODAY()-WEEKDAY(TODAY(),2)+8))) -> 0 | H61: =IF($A61="","",IF(H$1="","",COUNTIFS(tbl_chests[from],$A61,tbl_chests[legalized],H$1,tbl_chests[datetime],">="&TODAY()-WEEKDAY(TODAY(),2)+1,tbl_chests[datetime],"<"&TODAY()-WEEKDAY(TODAY(),2)+8))) -> 0 | I61: =IF($A61="","",IF(I$1="","",COUNTIFS(tbl_chests[from],$A61,tbl_chests[legalized],I$1,tbl_chests[datetime],">="&TODAY()-WEEKDAY(TODAY(),2)+1,tbl_chests[datetime],"<"&TODAY()-WEEKDAY(TODAY(),2)+8))) -> 0 | J61: =IF($A61="","",IF(J$1="","",COUNTIFS(tbl_chests[from],$A61,tbl_chests[legalized],J$1,tbl_chests[datetime],">="&TODAY()-WEEKDAY(TODAY(),2)+1,tbl_chests[datetime],"<"&TODAY()-WEEKDAY(TODAY(),2)+8))) -> 0 | ... AM61: =IF($A61="","",IF(AM$1="","",COUNTIFS(tbl_chests[from],$A61,tbl_chests[legalized],AM$1,tbl_chests[datetime],">="&TODAY()-WEEKDAY(TODAY(),2)+1,tbl_chests[datetime],"<"&TODAY()-WEEKDAY(TODAY(),2)+8))) -> 0
A62: =chests_counter!$H59 -> 0 | B62: {=IF(A62<>"", SUMPRODUCT(($C$2:$AM$2<>0)*(C62:AM62<>0)*($C$2:$AM$2)*(C62:AM62)), "")} -> 0 | C62: =IF($A62="","",IF(C$1="","",COUNTIFS(tbl_chests[from],$A62,tbl_chests[legalized],C$1,tbl_chests[datetime],">="&TODAY()-WEEKDAY(TODAY(),2)+1,tbl_chests[datetime],"<"&TODAY()-WEEKDAY(TODAY(),2)+8))) -> 0 | D62: =IF($A62="","",IF(D$1="","",COUNTIFS(tbl_chests[from],$A62,tbl_chests[legalized],D$1,tbl_chests[datetime],">="&TODAY()-WEEKDAY(TODAY(),2)+1,tbl_chests[datetime],"<"&TODAY()-WEEKDAY(TODAY(),2)+8))) -> 0 | E62: =IF($A62="","",IF(E$1="","",COUNTIFS(tbl_chests[from],$A62,tbl_chests[legalized],E$1,tbl_chests[datetime],">="&TODAY()-WEEKDAY(TODAY(),2)+1,tbl_chests[datetime],"<"&TODAY()-WEEKDAY(TODAY(),2)+8))) -> 0 | F62: =IF($A62="","",IF(F$1="","",COUNTIFS(tbl_chests[from],$A62,tbl_chests[legalized],F$1,tbl_chests[datetime],">="&TODAY()-WEEKDAY(TODAY(),2)+1,tbl_chests[datetime],"<"&TODAY()-WEEKDAY(TODAY(),2)+8))) -> 0 | G62: =IF($A62="","",IF(G$1="","",COUNTIFS(tbl_chests[from],$A62,tbl_chests[legalized],G$1,tbl_chests[datetime],">="&TODAY()-WEEKDAY(TODAY(),2)+1,tbl_chests[datetime],"<"&TODAY()-WEEKDAY(TODAY(),2)+8))) -> 0 | H62: =IF($A62="","",IF(H$1="","",COUNTIFS(tbl_chests[from],$A62,tbl_chests[legalized],H$1,tbl_chests[datetime],">="&TODAY()-WEEKDAY(TODAY(),2)+1,tbl_chests[datetime],"<"&TODAY()-WEEKDAY(TODAY(),2)+8))) -> 0 | I62: =IF($A62="","",IF(I$1="","",COUNTIFS(tbl_chests[from],$A62,tbl_chests[legalized],I$1,tbl_chests[datetime],">="&TODAY()-WEEKDAY(TODAY(),2)+1,tbl_chests[datetime],"<"&TODAY()-WEEKDAY(TODAY(),2)+8))) -> 0 | J62: =IF($A62="","",IF(J$1="","",COUNTIFS(tbl_chests[from],$A62,tbl_chests[legalized],J$1,tbl_chests[datetime],">="&TODAY()-WEEKDAY(TODAY(),2)+1,tbl_chests[datetime],"<"&TODAY()-WEEKDAY(TODAY(),2)+8))) -> 0 | ... AM62: =IF($A62="","",IF(AM$1="","",COUNTIFS(tbl_chests[from],$A62,tbl_chests[legalized],AM$1,tbl_chests[datetime],">="&TODAY()-WEEKDAY(TODAY(),2)+1,tbl_chests[datetime],"<"&TODAY()-WEEKDAY(TODAY(),2)+8))) -> 0
A63: =chests_counter!$H60 -> 0 | B63: {=IF(A63<>"", SUMPRODUCT(($C$2:$AM$2<>0)*(C63:AM63<>0)*($C$2:$AM$2)*(C63:AM63)), "")} -> 0 | C63: =IF($A63="","",IF(C$1="","",COUNTIFS(tbl_chests[from],$A63,tbl_chests[legalized],C$1,tbl_chests[datetime],">="&TODAY()-WEEKDAY(TODAY(),2)+1,tbl_chests[datetime],"<"&TODAY()-WEEKDAY(TODAY(),2)+8))) -> 0 | D63: =IF($A63="","",IF(D$1="","",COUNTIFS(tbl_chests[from],$A63,tbl_chests[legalized],D$1,tbl_chests[datetime],">="&TODAY()-WEEKDAY(TODAY(),2)+1,tbl_chests[datetime],"<"&TODAY()-WEEKDAY(TODAY(),2)+8))) -> 0 | E63: =IF($A63="","",IF(E$1="","",COUNTIFS(tbl_chests[from],$A63,tbl_chests[legalized],E$1,tbl_chests[datetime],">="&TODAY()-WEEKDAY(TODAY(),2)+1,tbl_chests[datetime],"<"&TODAY()-WEEKDAY(TODAY(),2)+8))) -> 0 | F63: =IF($A63="","",IF(F$1="","",COUNTIFS(tbl_chests[from],$A63,tbl_chests[legalized],F$1,tbl_chests[datetime],">="&TODAY()-WEEKDAY(TODAY(),2)+1,tbl_chests[datetime],"<"&TODAY()-WEEKDAY(TODAY(),2)+8))) -> 0 | G63: =IF($A63="","",IF(G$1="","",COUNTIFS(tbl_chests[from],$A63,tbl_chests[legalized],G$1,tbl_chests[datetime],">="&TODAY()-WEEKDAY(TODAY(),2)+1,tbl_chests[datetime],"<"&TODAY()-WEEKDAY(TODAY(),2)+8))) -> 0 | H63: =IF($A63="","",IF(H$1="","",COUNTIFS(tbl_chests[from],$A63,tbl_chests[legalized],H$1,tbl_chests[datetime],">="&TODAY()-WEEKDAY(TODAY(),2)+1,tbl_chests[datetime],"<"&TODAY()-WEEKDAY(TODAY(),2)+8))) -> 0 | I63: =IF($A63="","",IF(I$1="","",COUNTIFS(tbl_chests[from],$A63,tbl_chests[legalized],I$1,tbl_chests[datetime],">="&TODAY()-WEEKDAY(TODAY(),2)+1,tbl_chests[datetime],"<"&TODAY()-WEEKDAY(TODAY(),2)+8))) -> 0 | J63: =IF($A63="","",IF(J$1="","",COUNTIFS(tbl_chests[from],$A63,tbl_chests[legalized],J$1,tbl_chests[datetime],">="&TODAY()-WEEKDAY(TODAY(),2)+1,tbl_chests[datetime],"<"&TODAY()-WEEKDAY(TODAY(),2)+8))) -> 0 | ... AM63: =IF($A63="","",IF(AM$1="","",COUNTIFS(tbl_chests[from],$A63,tbl_chests[legalized],AM$1,tbl_chests[datetime],">="&TODAY()-WEEKDAY(TODAY(),2)+1,tbl_chests[datetime],"<"&TODAY()-WEEKDAY(TODAY(),2)+8))) -> 0
A64: =chests_counter!$H61 -> 0 | B64: {=IF(A64<>"", SUMPRODUCT(($C$2:$AM$2<>0)*(C64:AM64<>0)*($C$2:$AM$2)*(C64:AM64)), "")} -> 0 | C64: =IF($A64="","",IF(C$1="","",COUNTIFS(tbl_chests[from],$A64,tbl_chests[legalized],C$1,tbl_chests[datetime],">="&TODAY()-WEEKDAY(TODAY(),2)+1,tbl_chests[datetime],"<"&TODAY()-WEEKDAY(TODAY(),2)+8))) -> 0 | D64: =IF($A64="","",IF(D$1="","",COUNTIFS(tbl_chests[from],$A64,tbl_chests[legalized],D$1,tbl_chests[datetime],">="&TODAY()-WEEKDAY(TODAY(),2)+1,tbl_chests[datetime],"<"&TODAY()-WEEKDAY(TODAY(),2)+8))) -> 0 | E64: =IF($A64="","",IF(E$1="","",COUNTIFS(tbl_chests[from],$A64,tbl_chests[legalized],E$1,tbl_chests[datetime],">="&TODAY()-WEEKDAY(TODAY(),2)+1,tbl_chests[datetime],"<"&TODAY()-WEEKDAY(TODAY(),2)+8))) -> 0 | F64: =IF($A64="","",IF(F$1="","",COUNTIFS(tbl_chests[from],$A64,tbl_chests[legalized],F$1,tbl_chests[datetime],">="&TODAY()-WEEKDAY(TODAY(),2)+1,tbl_chests[datetime],"<"&TODAY()-WEEKDAY(TODAY(),2)+8))) -> 0 | G64: =IF($A64="","",IF(G$1="","",COUNTIFS(tbl_chests[from],$A64,tbl_chests[legalized],G$1,tbl_chests[datetime],">="&TODAY()-WEEKDAY(TODAY(),2)+1,tbl_chests[datetime],"<"&TODAY()-WEEKDAY(TODAY(),2)+8))) -> 0 | H64: =IF($A64="","",IF(H$1="","",COUNTIFS(tbl_chests[from],$A64,tbl_chests[legalized],H$1,tbl_chests[datetime],">="&TODAY()-WEEKDAY(TODAY(),2)+1,tbl_chests[datetime],"<"&TODAY()-WEEKDAY(TODAY(),2)+8))) -> 0 | I64: =IF($A64="","",IF(I$1="","",COUNTIFS(tbl_chests[from],$A64,tbl_chests[legalized],I$1,tbl_chests[datetime],">="&TODAY()-WEEKDAY(TODAY(),2)+1,tbl_chests[datetime],"<"&TODAY()-WEEKDAY(TODAY(),2)+8))) -> 0 | J64: =IF($A64="","",IF(J$1="","",COUNTIFS(tbl_chests[from],$A64,tbl_chests[legalized],J$1,tbl_chests[datetime],">="&TODAY()-WEEKDAY(TODAY(),2)+1,tbl_chests[datetime],"<"&TODAY()-WEEKDAY(TODAY(),2)+8))) -> 0 | ... AM64: =IF($A64="","",IF(AM$1="","",COUNTIFS(tbl_chests[from],$A64,tbl_chests[legalized],AM$1,tbl_chests[datetime],">="&TODAY()-WEEKDAY(TODAY(),2)+1,tbl_chests[datetime],"<"&TODAY()-WEEKDAY(TODAY(),2)+8))) -> 0
A65: =chests_counter!$H62 -> 0 | B65: {=IF(A65<>"", SUMPRODUCT(($C$2:$AM$2<>0)*(C65:AM65<>0)*($C$2:$AM$2)*(C65:AM65)), "")} -> 0 | C65: =IF($A65="","",IF(C$1="","",COUNTIFS(tbl_chests[from],$A65,tbl_chests[legalized],C$1,tbl_chests[datetime],">="&TODAY()-WEEKDAY(TODAY(),2)+1,tbl_chests[datetime],"<"&TODAY()-WEEKDAY(TODAY(),2)+8))) -> 0 | D65: =IF($A65="","",IF(D$1="","",COUNTIFS(tbl_chests[from],$A65,tbl_chests[legalized],D$1,tbl_chests[datetime],">="&TODAY()-WEEKDAY(TODAY(),2)+1,tbl_chests[datetime],"<"&TODAY()-WEEKDAY(TODAY(),2)+8))) -> 0 | E65: =IF($A65="","",IF(E$1="","",COUNTIFS(tbl_chests[from],$A65,tbl_chests[legalized],E$1,tbl_chests[datetime],">="&TODAY()-WEEKDAY(TODAY(),2)+1,tbl_chests[datetime],"<"&TODAY()-WEEKDAY(TODAY(),2)+8))) -> 0 | F65: =IF($A65="","",IF(F$1="","",COUNTIFS(tbl_chests[from],$A65,tbl_chests[legalized],F$1,tbl_chests[datetime],">="&TODAY()-WEEKDAY(TODAY(),2)+1,tbl_chests[datetime],"<"&TODAY()-WEEKDAY(TODAY(),2)+8))) -> 0 | G65: =IF($A65="","",IF(G$1="","",COUNTIFS(tbl_chests[from],$A65,tbl_chests[legalized],G$1,tbl_chests[datetime],">="&TODAY()-WEEKDAY(TODAY(),2)+1,tbl_chests[datetime],"<"&TODAY()-WEEKDAY(TODAY(),2)+8))) -> 0 | H65: =IF($A65="","",IF(H$1="","",COUNTIFS(tbl_chests[from],$A65,tbl_chests[legalized],H$1,tbl_chests[datetime],">="&TODAY()-WEEKDAY(TODAY(),2)+1,tbl_chests[datetime],"<"&TODAY()-WEEKDAY(TODAY(),2)+8))) -> 0 | I65: =IF($A65="","",IF(I$1="","",COUNTIFS(tbl_chests[from],$A65,tbl_chests[legalized],I$1,tbl_chests[datetime],">="&TODAY()-WEEKDAY(TODAY(),2)+1,tbl_chests[datetime],"<"&TODAY()-WEEKDAY(TODAY(),2)+8))) -> 0 | J65: =IF($A65="","",IF(J$1="","",COUNTIFS(tbl_chests[from],$A65,tbl_chests[legalized],J$1,tbl_chests[datetime],">="&TODAY()-WEEKDAY(TODAY(),2)+1,tbl_chests[datetime],"<"&TODAY()-WEEKDAY(TODAY(),2)+8))) -> 0 | ... AM65: =IF($A65="","",IF(AM$1="","",COUNTIFS(tbl_chests[from],$A65,tbl_chests[legalized],AM$1,tbl_chests[datetime],">="&TODAY()-WEEKDAY(TODAY(),2)+1,tbl_chests[datetime],"<"&TODAY()-WEEKDAY(TODAY(),2)+8))) -> 0
A66: =chests_counter!$H63 -> 0 | B66: {=IF(A66<>"", SUMPRODUCT(($C$2:$AM$2<>0)*(C66:AM66<>0)*($C$2:$AM$2)*(C66:AM66)), "")} -> 0 | C66: =IF($A66="","",IF(C$1="","",COUNTIFS(tbl_chests[from],$A66,tbl_chests[legalized],C$1,tbl_chests[datetime],">="&TODAY()-WEEKDAY(TODAY(),2)+1,tbl_chests[datetime],"<"&TODAY()-WEEKDAY(TODAY(),2)+8))) -> 0 | D66: =IF($A66="","",IF(D$1="","",COUNTIFS(tbl_chests[from],$A66,tbl_chests[legalized],D$1,tbl_chests[datetime],">="&TODAY()-WEEKDAY(TODAY(),2)+1,tbl_chests[datetime],"<"&TODAY()-WEEKDAY(TODAY(),2)+8))) -> 0 | E66: =IF($A66="","",IF(E$1="","",COUNTIFS(tbl_chests[from],$A66,tbl_chests[legalized],E$1,tbl_chests[datetime],">="&TODAY()-WEEKDAY(TODAY(),2)+1,tbl_chests[datetime],"<"&TODAY()-WEEKDAY(TODAY(),2)+8))) -> 0 | F66: =IF($A66="","",IF(F$1="","",COUNTIFS(tbl_chests[from],$A66,tbl_chests[legalized],F$1,tbl_chests[datetime],">="&TODAY()-WEEKDAY(TODAY(),2)+1,tbl_chests[datetime],"<"&TODAY()-WEEKDAY(TODAY(),2)+8))) -> 0 | G66: =IF($A66="","",IF(G$1="","",COUNTIFS(tbl_chests[from],$A66,tbl_chests[legalized],G$1,tbl_chests[datetime],">="&TODAY()-WEEKDAY(TODAY(),2)+1,tbl_chests[datetime],"<"&TODAY()-WEEKDAY(TODAY(),2)+8))) -> 0 | H66: =IF($A66="","",IF(H$1="","",COUNTIFS(tbl_chests[from],$A66,tbl_chests[legalized],H$1,tbl_chests[datetime],">="&TODAY()-WEEKDAY(TODAY(),2)+1,tbl_chests[datetime],"<"&TODAY()-WEEKDAY(TODAY(),2)+8))) -> 0 | I66: =IF($A66="","",IF(I$1="","",COUNTIFS(tbl_chests[from],$A66,tbl_chests[legalized],I$1,tbl_chests[datetime],">="&TODAY()-WEEKDAY(TODAY(),2)+1,tbl_chests[datetime],"<"&TODAY()-WEEKDAY(TODAY(),2)+8))) -> 0 | J66: =IF($A66="","",IF(J$1="","",COUNTIFS(tbl_chests[from],$A66,tbl_chests[legalized],J$1,tbl_chests[datetime],">="&TODAY()-WEEKDAY(TODAY(),2)+1,tbl_chests[datetime],"<"&TODAY()-WEEKDAY(TODAY(),2)+8))) -> 0 | ... AM66: =IF($A66="","",IF(AM$1="","",COUNTIFS(tbl_chests[from],$A66,tbl_chests[legalized],AM$1,tbl_chests[datetime],">="&TODAY()-WEEKDAY(TODAY(),2)+1,tbl_chests[datetime],"<"&TODAY()-WEEKDAY(TODAY(),2)+8))) -> 0
A67: =chests_counter!$H64 -> 0 | B67: {=IF(A67<>"", SUMPRODUCT(($C$2:$AM$2<>0)*(C67:AM67<>0)*($C$2:$AM$2)*(C67:AM67)), "")} -> 0 | C67: =IF($A67="","",IF(C$1="","",COUNTIFS(tbl_chests[from],$A67,tbl_chests[legalized],C$1,tbl_chests[datetime],">="&TODAY()-WEEKDAY(TODAY(),2)+1,tbl_chests[datetime],"<"&TODAY()-WEEKDAY(TODAY(),2)+8))) -> 0 | D67: =IF($A67="","",IF(D$1="","",COUNTIFS(tbl_chests[from],$A67,tbl_chests[legalized],D$1,tbl_chests[datetime],">="&TODAY()-WEEKDAY(TODAY(),2)+1,tbl_chests[datetime],"<"&TODAY()-WEEKDAY(TODAY(),2)+8))) -> 0 | E67: =IF($A67="","",IF(E$1="","",COUNTIFS(tbl_chests[from],$A67,tbl_chests[legalized],E$1,tbl_chests[datetime],">="&TODAY()-WEEKDAY(TODAY(),2)+1,tbl_chests[datetime],"<"&TODAY()-WEEKDAY(TODAY(),2)+8))) -> 0 | F67: =IF($A67="","",IF(F$1="","",COUNTIFS(tbl_chests[from],$A67,tbl_chests[legalized],F$1,tbl_chests[datetime],">="&TODAY()-WEEKDAY(TODAY(),2)+1,tbl_chests[datetime],"<"&TODAY()-WEEKDAY(TODAY(),2)+8))) -> 0 | G67: =IF($A67="","",IF(G$1="","",COUNTIFS(tbl_chests[from],$A67,tbl_chests[legalized],G$1,tbl_chests[datetime],">="&TODAY()-WEEKDAY(TODAY(),2)+1,tbl_chests[datetime],"<"&TODAY()-WEEKDAY(TODAY(),2)+8))) -> 0 | H67: =IF($A67="","",IF(H$1="","",COUNTIFS(tbl_chests[from],$A67,tbl_chests[legalized],H$1,tbl_chests[datetime],">="&TODAY()-WEEKDAY(TODAY(),2)+1,tbl_chests[datetime],"<"&TODAY()-WEEKDAY(TODAY(),2)+8))) -> 0 | I67: =IF($A67="","",IF(I$1="","",COUNTIFS(tbl_chests[from],$A67,tbl_chests[legalized],I$1,tbl_chests[datetime],">="&TODAY()-WEEKDAY(TODAY(),2)+1,tbl_chests[datetime],"<"&TODAY()-WEEKDAY(TODAY(),2)+8))) -> 0 | J67: =IF($A67="","",IF(J$1="","",COUNTIFS(tbl_chests[from],$A67,tbl_chests[legalized],J$1,tbl_chests[datetime],">="&TODAY()-WEEKDAY(TODAY(),2)+1,tbl_chests[datetime],"<"&TODAY()-WEEKDAY(TODAY(),2)+8))) -> 0 | ... AM67: =IF($A67="","",IF(AM$1="","",COUNTIFS(tbl_chests[from],$A67,tbl_chests[legalized],AM$1,tbl_chests[datetime],">="&TODAY()-WEEKDAY(TODAY(),2)+1,tbl_chests[datetime],"<"&TODAY()-WEEKDAY(TODAY(),2)+8))) -> 0
A68: =chests_counter!$H65 -> 0 | B68: {=IF(A68<>"", SUMPRODUCT(($C$2:$AM$2<>0)*(C68:AM68<>0)*($C$2:$AM$2)*(C68:AM68)), "")} -> 0 | C68: =IF($A68="","",IF(C$1="","",COUNTIFS(tbl_chests[from],$A68,tbl_chests[legalized],C$1,tbl_chests[datetime],">="&TODAY()-WEEKDAY(TODAY(),2)+1,tbl_chests[datetime],"<"&TODAY()-WEEKDAY(TODAY(),2)+8))) -> 0 | D68: =IF($A68="","",IF(D$1="","",COUNTIFS(tbl_chests[from],$A68,tbl_chests[legalized],D$1,tbl_chests[datetime],">="&TODAY()-WEEKDAY(TODAY(),2)+1,tbl_chests[datetime],"<"&TODAY()-WEEKDAY(TODAY(),2)+8))) -> 0 | E68: =IF($A68="","",IF(E$1="","",COUNTIFS(tbl_chests[from],$A68,tbl_chests[legalized],E$1,tbl_chests[datetime],">="&TODAY()-WEEKDAY(TODAY(),2)+1,tbl_chests[datetime],"<"&TODAY()-WEEKDAY(TODAY(),2)+8))) -> 0 | F68: =IF($A68="","",IF(F$1="","",COUNTIFS(tbl_chests[from],$A68,tbl_chests[legalized],F$1,tbl_chests[datetime],">="&TODAY()-WEEKDAY(TODAY(),2)+1,tbl_chests[datetime],"<"&TODAY()-WEEKDAY(TODAY(),2)+8))) -> 0 | G68: =IF($A68="","",IF(G$1="","",COUNTIFS(tbl_chests[from],$A68,tbl_chests[legalized],G$1,tbl_chests[datetime],">="&TODAY()-WEEKDAY(TODAY(),2)+1,tbl_chests[datetime],"<"&TODAY()-WEEKDAY(TODAY(),2)+8))) -> 0 | H68: =IF($A68="","",IF(H$1="","",COUNTIFS(tbl_chests[from],$A68,tbl_chests[legalized],H$1,tbl_chests[datetime],">="&TODAY()-WEEKDAY(TODAY(),2)+1,tbl_chests[datetime],"<"&TODAY()-WEEKDAY(TODAY(),2)+8))) -> 0 | I68: =IF($A68="","",IF(I$1="","",COUNTIFS(tbl_chests[from],$A68,tbl_chests[legalized],I$1,tbl_chests[datetime],">="&TODAY()-WEEKDAY(TODAY(),2)+1,tbl_chests[datetime],"<"&TODAY()-WEEKDAY(TODAY(),2)+8))) -> 0 | J68: =IF($A68="","",IF(J$1="","",COUNTIFS(tbl_chests[from],$A68,tbl_chests[legalized],J$1,tbl_chests[datetime],">="&TODAY()-WEEKDAY(TODAY(),2)+1,tbl_chests[datetime],"<"&TODAY()-WEEKDAY(TODAY(),2)+8))) -> 0 | ... AM68: =IF($A68="","",IF(AM$1="","",COUNTIFS(tbl_chests[from],$A68,tbl_chests[legalized],AM$1,tbl_chests[datetime],">="&TODAY()-WEEKDAY(TODAY(),2)+1,tbl_chests[datetime],"<"&TODAY()-WEEKDAY(TODAY(),2)+8))) -> 0
A69: =chests_counter!$H66 -> 0 | B69: {=IF(A69<>"", SUMPRODUCT(($C$2:$AM$2<>0)*(C69:AM69<>0)*($C$2:$AM$2)*(C69:AM69)), "")} -> 0 | C69: =IF($A69="","",IF(C$1="","",COUNTIFS(tbl_chests[from],$A69,tbl_chests[legalized],C$1,tbl_chests[datetime],">="&TODAY()-WEEKDAY(TODAY(),2)+1,tbl_chests[datetime],"<"&TODAY()-WEEKDAY(TODAY(),2)+8))) -> 0 | D69: =IF($A69="","",IF(D$1="","",COUNTIFS(tbl_chests[from],$A69,tbl_chests[legalized],D$1,tbl_chests[datetime],">="&TODAY()-WEEKDAY(TODAY(),2)+1,tbl_chests[datetime],"<"&TODAY()-WEEKDAY(TODAY(),2)+8))) -> 0 | E69: =IF($A69="","",IF(E$1="","",COUNTIFS(tbl_chests[from],$A69,tbl_chests[legalized],E$1,tbl_chests[datetime],">="&TODAY()-WEEKDAY(TODAY(),2)+1,tbl_chests[datetime],"<"&TODAY()-WEEKDAY(TODAY(),2)+8))) -> 0 | F69: =IF($A69="","",IF(F$1="","",COUNTIFS(tbl_chests[from],$A69,tbl_chests[legalized],F$1,tbl_chests[datetime],">="&TODAY()-WEEKDAY(TODAY(),2)+1,tbl_chests[datetime],"<"&TODAY()-WEEKDAY(TODAY(),2)+8))) -> 0 | G69: =IF($A69="","",IF(G$1="","",COUNTIFS(tbl_chests[from],$A69,tbl_chests[legalized],G$1,tbl_chests[datetime],">="&TODAY()-WEEKDAY(TODAY(),2)+1,tbl_chests[datetime],"<"&TODAY()-WEEKDAY(TODAY(),2)+8))) -> 0 | H69: =IF($A69="","",IF(H$1="","",COUNTIFS(tbl_chests[from],$A69,tbl_chests[legalized],H$1,tbl_chests[datetime],">="&TODAY()-WEEKDAY(TODAY(),2)+1,tbl_chests[datetime],"<"&TODAY()-WEEKDAY(TODAY(),2)+8))) -> 0 | I69: =IF($A69="","",IF(I$1="","",COUNTIFS(tbl_chests[from],$A69,tbl_chests[legalized],I$1,tbl_chests[datetime],">="&TODAY()-WEEKDAY(TODAY(),2)+1,tbl_chests[datetime],"<"&TODAY()-WEEKDAY(TODAY(),2)+8))) -> 0 | J69: =IF($A69="","",IF(J$1="","",COUNTIFS(tbl_chests[from],$A69,tbl_chests[legalized],J$1,tbl_chests[datetime],">="&TODAY()-WEEKDAY(TODAY(),2)+1,tbl_chests[datetime],"<"&TODAY()-WEEKDAY(TODAY(),2)+8))) -> 0 | ... AM69: =IF($A69="","",IF(AM$1="","",COUNTIFS(tbl_chests[from],$A69,tbl_chests[legalized],AM$1,tbl_chests[datetime],">="&TODAY()-WEEKDAY(TODAY(),2)+1,tbl_chests[datetime],"<"&TODAY()-WEEKDAY(TODAY(),2)+8))) -> 0
A70: =chests_counter!$H67 -> 0 | B70: {=IF(A70<>"", SUMPRODUCT(($C$2:$AM$2<>0)*(C70:AM70<>0)*($C$2:$AM$2)*(C70:AM70)), "")} -> 0 | C70: =IF($A70="","",IF(C$1="","",COUNTIFS(tbl_chests[from],$A70,tbl_chests[legalized],C$1,tbl_chests[datetime],">="&TODAY()-WEEKDAY(TODAY(),2)+1,tbl_chests[datetime],"<"&TODAY()-WEEKDAY(TODAY(),2)+8))) -> 0 | D70: =IF($A70="","",IF(D$1="","",COUNTIFS(tbl_chests[from],$A70,tbl_chests[legalized],D$1,tbl_chests[datetime],">="&TODAY()-WEEKDAY(TODAY(),2)+1,tbl_chests[datetime],"<"&TODAY()-WEEKDAY(TODAY(),2)+8))) -> 0 | E70: =IF($A70="","",IF(E$1="","",COUNTIFS(tbl_chests[from],$A70,tbl_chests[legalized],E$1,tbl_chests[datetime],">="&TODAY()-WEEKDAY(TODAY(),2)+1,tbl_chests[datetime],"<"&TODAY()-WEEKDAY(TODAY(),2)+8))) -> 0 | F70: =IF($A70="","",IF(F$1="","",COUNTIFS(tbl_chests[from],$A70,tbl_chests[legalized],F$1,tbl_chests[datetime],">="&TODAY()-WEEKDAY(TODAY(),2)+1,tbl_chests[datetime],"<"&TODAY()-WEEKDAY(TODAY(),2)+8))) -> 0 | G70: =IF($A70="","",IF(G$1="","",COUNTIFS(tbl_chests[from],$A70,tbl_chests[legalized],G$1,tbl_chests[datetime],">="&TODAY()-WEEKDAY(TODAY(),2)+1,tbl_chests[datetime],"<"&TODAY()-WEEKDAY(TODAY(),2)+8))) -> 0 | H70: =IF($A70="","",IF(H$1="","",COUNTIFS(tbl_chests[from],$A70,tbl_chests[legalized],H$1,tbl_chests[datetime],">="&TODAY()-WEEKDAY(TODAY(),2)+1,tbl_chests[datetime],"<"&TODAY()-WEEKDAY(TODAY(),2)+8))) -> 0 | I70: =IF($A70="","",IF(I$1="","",COUNTIFS(tbl_chests[from],$A70,tbl_chests[legalized],I$1,tbl_chests[datetime],">="&TODAY()-WEEKDAY(TODAY(),2)+1,tbl_chests[datetime],"<"&TODAY()-WEEKDAY(TODAY(),2)+8))) -> 0 | J70: =IF($A70="","",IF(J$1="","",COUNTIFS(tbl_chests[from],$A70,tbl_chests[legalized],J$1,tbl_chests[datetime],">="&TODAY()-WEEKDAY(TODAY(),2)+1,tbl_chests[datetime],"<"&TODAY()-WEEKDAY(TODAY(),2)+8))) -> 0 | ... AM70: =IF($A70="","",IF(AM$1="","",COUNTIFS(tbl_chests[from],$A70,tbl_chests[legalized],AM$1,tbl_chests[datetime],">="&TODAY()-WEEKDAY(TODAY(),2)+1,tbl_chests[datetime],"<"&TODAY()-WEEKDAY(TODAY(),2)+8))) -> 0
... A72: =chests_counter!$H69 -> 0 | B72: {=IF(A72<>"", SUMPRODUCT(($C$2:$AM$2<>0)*(C72:AM72<>0)*($C$2:$AM$2)*(C72:AM72)), "")} -> 0 | C72: =IF($A72="","",IF(C$1="","",COUNTIFS(tbl_chests[from],$A72,tbl_chests[legalized],C$1,tbl_chests[datetime],">="&TODAY()-WEEKDAY(TODAY(),2)+1,tbl_chests[datetime],"<"&TODAY()-WEEKDAY(TODAY(),2)+8))) -> 0 | D72: =IF($A72="","",IF(D$1="","",COUNTIFS(tbl_chests[from],$A72,tbl_chests[legalized],D$1,tbl_chests[datetime],">="&TODAY()-WEEKDAY(TODAY(),2)+1,tbl_chests[datetime],"<"&TODAY()-WEEKDAY(TODAY(),2)+8))) -> 0 | E72: =IF($A72="","",IF(E$1="","",COUNTIFS(tbl_chests[from],$A72,tbl_chests[legalized],E$1,tbl_chests[datetime],">="&TODAY()-WEEKDAY(TODAY(),2)+1,tbl_chests[datetime],"<"&TODAY()-WEEKDAY(TODAY(),2)+8))) -> 0 | F72: =IF($A72="","",IF(F$1="","",COUNTIFS(tbl_chests[from],$A72,tbl_chests[legalized],F$1,tbl_chests[datetime],">="&TODAY()-WEEKDAY(TODAY(),2)+1,tbl_chests[datetime],"<"&TODAY()-WEEKDAY(TODAY(),2)+8))) -> 0 | G72: =IF($A72="","",IF(G$1="","",COUNTIFS(tbl_chests[from],$A72,tbl_chests[legalized],G$1,tbl_chests[datetime],">="&TODAY()-WEEKDAY(TODAY(),2)+1,tbl_chests[datetime],"<"&TODAY()-WEEKDAY(TODAY(),2)+8))) -> 0 | H72: =IF($A72="","",IF(H$1="","",COUNTIFS(tbl_chests[from],$A72,tbl_chests[legalized],H$1,tbl_chests[datetime],">="&TODAY()-WEEKDAY(TODAY(),2)+1,tbl_chests[datetime],"<"&TODAY()-WEEKDAY(TODAY(),2)+8))) -> 0 | I72: =IF($A72="","",IF(I$1="","",COUNTIFS(tbl_chests[from],$A72,tbl_chests[legalized],I$1,tbl_chests[datetime],">="&TODAY()-WEEKDAY(TODAY(),2)+1,tbl_chests[datetime],"<"&TODAY()-WEEKDAY(TODAY(),2)+8))) -> 0 | J72: =IF($A72="","",IF(J$1="","",COUNTIFS(tbl_chests[from],$A72,tbl_chests[legalized],J$1,tbl_chests[datetime],">="&TODAY()-WEEKDAY(TODAY(),2)+1,tbl_chests[datetime],"<"&TODAY()-WEEKDAY(TODAY(),2)+8))) -> 0 | ... AM72: =IF($A72="","",IF(AM$1="","",COUNTIFS(tbl_chests[from],$A72,tbl_chests[legalized],AM$1,tbl_chests[datetime],">="&TODAY()-WEEKDAY(TODAY(),2)+1,tbl_chests[datetime],"<"&TODAY()-WEEKDAY(TODAY(),2)+8))) -> 0
A73: =chests_counter!$H70 -> 0 | B73: {=IF(A73<>"", SUMPRODUCT(($C$2:$AM$2<>0)*(C73:AM73<>0)*($C$2:$AM$2)*(C73:AM73)), "")} -> 0 | C73: =IF($A73="","",IF(C$1="","",COUNTIFS(tbl_chests[from],$A73,tbl_chests[legalized],C$1,tbl_chests[datetime],">="&TODAY()-WEEKDAY(TODAY(),2)+1,tbl_chests[datetime],"<"&TODAY()-WEEKDAY(TODAY(),2)+8))) -> 0 | D73: =IF($A73="","",IF(D$1="","",COUNTIFS(tbl_chests[from],$A73,tbl_chests[legalized],D$1,tbl_chests[datetime],">="&TODAY()-WEEKDAY(TODAY(),2)+1,tbl_chests[datetime],"<"&TODAY()-WEEKDAY(TODAY(),2)+8))) -> 0 | E73: =IF($A73="","",IF(E$1="","",COUNTIFS(tbl_chests[from],$A73,tbl_chests[legalized],E$1,tbl_chests[datetime],">="&TODAY()-WEEKDAY(TODAY(),2)+1,tbl_chests[datetime],"<"&TODAY()-WEEKDAY(TODAY(),2)+8))) -> 0 | F73: =IF($A73="","",IF(F$1="","",COUNTIFS(tbl_chests[from],$A73,tbl_chests[legalized],F$1,tbl_chests[datetime],">="&TODAY()-WEEKDAY(TODAY(),2)+1,tbl_chests[datetime],"<"&TODAY()-WEEKDAY(TODAY(),2)+8))) -> 0 | G73: =IF($A73="","",IF(G$1="","",COUNTIFS(tbl_chests[from],$A73,tbl_chests[legalized],G$1,tbl_chests[datetime],">="&TODAY()-WEEKDAY(TODAY(),2)+1,tbl_chests[datetime],"<"&TODAY()-WEEKDAY(TODAY(),2)+8))) -> 0 | H73: =IF($A73="","",IF(H$1="","",COUNTIFS(tbl_chests[from],$A73,tbl_chests[legalized],H$1,tbl_chests[datetime],">="&TODAY()-WEEKDAY(TODAY(),2)+1,tbl_chests[datetime],"<"&TODAY()-WEEKDAY(TODAY(),2)+8))) -> 0 | I73: =IF($A73="","",IF(I$1="","",COUNTIFS(tbl_chests[from],$A73,tbl_chests[legalized],I$1,tbl_chests[datetime],">="&TODAY()-WEEKDAY(TODAY(),2)+1,tbl_chests[datetime],"<"&TODAY()-WEEKDAY(TODAY(),2)+8))) -> 0 | J73: =IF($A73="","",IF(J$1="","",COUNTIFS(tbl_chests[from],$A73,tbl_chests[legalized],J$1,tbl_chests[datetime],">="&TODAY()-WEEKDAY(TODAY(),2)+1,tbl_chests[datetime],"<"&TODAY()-WEEKDAY(TODAY(),2)+8))) -> 0 | ... AM73: =IF($A73="","",IF(AM$1="","",COUNTIFS(tbl_chests[from],$A73,tbl_chests[legalized],AM$1,tbl_chests[datetime],">="&TODAY()-WEEKDAY(TODAY(),2)+1,tbl_chests[datetime],"<"&TODAY()-WEEKDAY(TODAY(),2)+8))) -> 0 | BF73: =IF($A73 = "","",IF(BF$1 = "","",COUNTIFS(#REF!,$A73,#REF!,BF$1))) | BG73: =IF($A73 = "","",IF(BG$1 = "","",COUNTIFS(#REF!,$A73,#REF!,BG$1))) | BH73: =IF($A73 = "","",IF(BH$1 = "","",COUNTIFS(#REF!,$A73,#REF!,BH$1))) | BI73: =IF($A73 = "","",IF(BI$1 = "","",COUNTIFS(#REF!,$A73,#REF!,BI$1))) | BJ73: =IF($A73 = "","",IF(BJ$1 = "","",COUNTIFS(#REF!,$A73,#REF!,BJ$1))) | BK73: =IF($A73 = "","",IF(BK$1 = "","",COUNTIFS(#REF!,$A73,#REF!,BK$1))) | BL73: =IF($A73 = "","",IF(BL$1 = "","",COUNTIFS(#REF!,$A73,#REF!,BL$1))) | BM73: =IF($A73 = "","",IF(BM$1 = "","",COUNTIFS(#REF!,$A73,#REF!,BM$1))) | ... BO73: =IF($A73 = "","",IF(BO$1 = "","",COUNTIFS(#REF!,$A73,#REF!,BO$1)))
A74: =chests_counter!$H71 -> 0 | B74: {=IF(A74<>"", SUMPRODUCT(($C$2:$AM$2<>0)*(C74:AM74<>0)*($C$2:$AM$2)*(C74:AM74)), "")} -> 0 | C74: =IF($A74="","",IF(C$1="","",COUNTIFS(tbl_chests[from],$A74,tbl_chests[legalized],C$1,tbl_chests[datetime],">="&TODAY()-WEEKDAY(TODAY(),2)+1,tbl_chests[datetime],"<"&TODAY()-WEEKDAY(TODAY(),2)+8))) -> 0 | D74: =IF($A74="","",IF(D$1="","",COUNTIFS(tbl_chests[from],$A74,tbl_chests[legalized],D$1,tbl_chests[datetime],">="&TODAY()-WEEKDAY(TODAY(),2)+1,tbl_chests[datetime],"<"&TODAY()-WEEKDAY(TODAY(),2)+8))) -> 0 | E74: =IF($A74="","",IF(E$1="","",COUNTIFS(tbl_chests[from],$A74,tbl_chests[legalized],E$1,tbl_chests[datetime],">="&TODAY()-WEEKDAY(TODAY(),2)+1,tbl_chests[datetime],"<"&TODAY()-WEEKDAY(TODAY(),2)+8))) -> 0 | F74: =IF($A74="","",IF(F$1="","",COUNTIFS(tbl_chests[from],$A74,tbl_chests[legalized],F$1,tbl_chests[datetime],">="&TODAY()-WEEKDAY(TODAY(),2)+1,tbl_chests[datetime],"<"&TODAY()-WEEKDAY(TODAY(),2)+8))) -> 0 | G74: =IF($A74="","",IF(G$1="","",COUNTIFS(tbl_chests[from],$A74,tbl_chests[legalized],G$1,tbl_chests[datetime],">="&TODAY()-WEEKDAY(TODAY(),2)+1,tbl_chests[datetime],"<"&TODAY()-WEEKDAY(TODAY(),2)+8))) -> 0 | H74: =IF($A74="","",IF(H$1="","",COUNTIFS(tbl_chests[from],$A74,tbl_chests[legalized],H$1,tbl_chests[datetime],">="&TODAY()-WEEKDAY(TODAY(),2)+1,tbl_chests[datetime],"<"&TODAY()-WEEKDAY(TODAY(),2)+8))) -> 0 | I74: =IF($A74="","",IF(I$1="","",COUNTIFS(tbl_chests[from],$A74,tbl_chests[legalized],I$1,tbl_chests[datetime],">="&TODAY()-WEEKDAY(TODAY(),2)+1,tbl_chests[datetime],"<"&TODAY()-WEEKDAY(TODAY(),2)+8))) -> 0 | J74: =IF($A74="","",IF(J$1="","",COUNTIFS(tbl_chests[from],$A74,tbl_chests[legalized],J$1,tbl_chests[datetime],">="&TODAY()-WEEKDAY(TODAY(),2)+1,tbl_chests[datetime],"<"&TODAY()-WEEKDAY(TODAY(),2)+8))) -> 0 | ... AM74: =IF($A74="","",IF(AM$1="","",COUNTIFS(tbl_chests[from],$A74,tbl_chests[legalized],AM$1,tbl_chests[datetime],">="&TODAY()-WEEKDAY(TODAY(),2)+1,tbl_chests[datetime],"<"&TODAY()-WEEKDAY(TODAY(),2)+8))) -> 0
A75: =chests_counter!$H72 -> 0 | B75: {=IF(A75<>"", SUMPRODUCT(($C$2:$AM$2<>0)*(C75:AM75<>0)*($C$2:$AM$2)*(C75:AM75)), "")} -> 0 | C75: =IF($A75="","",IF(C$1="","",COUNTIFS(tbl_chests[from],$A75,tbl_chests[legalized],C$1,tbl_chests[datetime],">="&TODAY()-WEEKDAY(TODAY(),2)+1,tbl_chests[datetime],"<"&TODAY()-WEEKDAY(TODAY(),2)+8))) -> 0 | D75: =IF($A75="","",IF(D$1="","",COUNTIFS(tbl_chests[from],$A75,tbl_chests[legalized],D$1,tbl_chests[datetime],">="&TODAY()-WEEKDAY(TODAY(),2)+1,tbl_chests[datetime],"<"&TODAY()-WEEKDAY(TODAY(),2)+8))) -> 0 | E75: =IF($A75="","",IF(E$1="","",COUNTIFS(tbl_chests[from],$A75,tbl_chests[legalized],E$1,tbl_chests[datetime],">="&TODAY()-WEEKDAY(TODAY(),2)+1,tbl_chests[datetime],"<"&TODAY()-WEEKDAY(TODAY(),2)+8))) -> 0 | F75: =IF($A75="","",IF(F$1="","",COUNTIFS(tbl_chests[from],$A75,tbl_chests[legalized],F$1,tbl_chests[datetime],">="&TODAY()-WEEKDAY(TODAY(),2)+1,tbl_chests[datetime],"<"&TODAY()-WEEKDAY(TODAY(),2)+8))) -> 0 | G75: =IF($A75="","",IF(G$1="","",COUNTIFS(tbl_chests[from],$A75,tbl_chests[legalized],G$1,tbl_chests[datetime],">="&TODAY()-WEEKDAY(TODAY(),2)+1,tbl_chests[datetime],"<"&TODAY()-WEEKDAY(TODAY(),2)+8))) -> 0 | H75: =IF($A75="","",IF(H$1="","",COUNTIFS(tbl_chests[from],$A75,tbl_chests[legalized],H$1,tbl_chests[datetime],">="&TODAY()-WEEKDAY(TODAY(),2)+1,tbl_chests[datetime],"<"&TODAY()-WEEKDAY(TODAY(),2)+8))) -> 0 | I75: =IF($A75="","",IF(I$1="","",COUNTIFS(tbl_chests[from],$A75,tbl_chests[legalized],I$1,tbl_chests[datetime],">="&TODAY()-WEEKDAY(TODAY(),2)+1,tbl_chests[datetime],"<"&TODAY()-WEEKDAY(TODAY(),2)+8))) -> 0 | J75: =IF($A75="","",IF(J$1="","",COUNTIFS(tbl_chests[from],$A75,tbl_chests[legalized],J$1,tbl_chests[datetime],">="&TODAY()-WEEKDAY(TODAY(),2)+1,tbl_chests[datetime],"<"&TODAY()-WEEKDAY(TODAY(),2)+8))) -> 0 | ... AM75: =IF($A75="","",IF(AM$1="","",COUNTIFS(tbl_chests[from],$A75,tbl_chests[legalized],AM$1,tbl_chests[datetime],">="&TODAY()-WEEKDAY(TODAY(),2)+1,tbl_chests[datetime],"<"&TODAY()-WEEKDAY(TODAY(),2)+8))) -> 0
A76: =chests_counter!$H73 -> 0 | B76: {=IF(A76<>"", SUMPRODUCT(($C$2:$AM$2<>0)*(C76:AM76<>0)*($C$2:$AM$2)*(C76:AM76)), "")} -> 0 | C76: =IF($A76="","",IF(C$1="","",COUNTIFS(tbl_chests[from],$A76,tbl_chests[legalized],C$1,tbl_chests[datetime],">="&TODAY()-WEEKDAY(TODAY(),2)+1,tbl_chests[datetime],"<"&TODAY()-WEEKDAY(TODAY(),2)+8))) -> 0 | D76: =IF($A76="","",IF(D$1="","",COUNTIFS(tbl_chests[from],$A76,tbl_chests[legalized],D$1,tbl_chests[datetime],">="&TODAY()-WEEKDAY(TODAY(),2)+1,tbl_chests[datetime],"<"&TODAY()-WEEKDAY(TODAY(),2)+8))) -> 0 | E76: =IF($A76="","",IF(E$1="","",COUNTIFS(tbl_chests[from],$A76,tbl_chests[legalized],E$1,tbl_chests[datetime],">="&TODAY()-WEEKDAY(TODAY(),2)+1,tbl_chests[datetime],"<"&TODAY()-WEEKDAY(TODAY(),2)+8))) -> 0 | F76: =IF($A76="","",IF(F$1="","",COUNTIFS(tbl_chests[from],$A76,tbl_chests[legalized],F$1,tbl_chests[datetime],">="&TODAY()-WEEKDAY(TODAY(),2)+1,tbl_chests[datetime],"<"&TODAY()-WEEKDAY(TODAY(),2)+8))) -> 0 | G76: =IF($A76="","",IF(G$1="","",COUNTIFS(tbl_chests[from],$A76,tbl_chests[legalized],G$1,tbl_chests[datetime],">="&TODAY()-WEEKDAY(TODAY(),2)+1,tbl_chests[datetime],"<"&TODAY()-WEEKDAY(TODAY(),2)+8))) -> 0 | H76: =IF($A76="","",IF(H$1="","",COUNTIFS(tbl_chests[from],$A76,tbl_chests[legalized],H$1,tbl_chests[datetime],">="&TODAY()-WEEKDAY(TODAY(),2)+1,tbl_chests[datetime],"<"&TODAY()-WEEKDAY(TODAY(),2)+8))) -> 0 | I76: =IF($A76="","",IF(I$1="","",COUNTIFS(tbl_chests[from],$A76,tbl_chests[legalized],I$1,tbl_chests[datetime],">="&TODAY()-WEEKDAY(TODAY(),2)+1,tbl_chests[datetime],"<"&TODAY()-WEEKDAY(TODAY(),2)+8))) -> 0 | J76: =IF($A76="","",IF(J$1="","",COUNTIFS(tbl_chests[from],$A76,tbl_chests[legalized],J$1,tbl_chests[datetime],">="&TODAY()-WEEKDAY(TODAY(),2)+1,tbl_chests[datetime],"<"&TODAY()-WEEKDAY(TODAY(),2)+8))) -> 0 | ... AM76: =IF($A76="","",IF(AM$1="","",COUNTIFS(tbl_chests[from],$A76,tbl_chests[legalized],AM$1,tbl_chests[datetime],">="&TODAY()-WEEKDAY(TODAY(),2)+1,tbl_chests[datetime],"<"&TODAY()-WEEKDAY(TODAY(),2)+8))) -> 0
A77: =chests_counter!$H74 -> 0 | B77: {=IF(A77<>"", SUMPRODUCT(($C$2:$AM$2<>0)*(C77:AM77<>0)*($C$2:$AM$2)*(C77:AM77)), "")} -> 0 | C77: =IF($A77="","",IF(C$1="","",COUNTIFS(tbl_chests[from],$A77,tbl_chests[legalized],C$1,tbl_chests[datetime],">="&TODAY()-WEEKDAY(TODAY(),2)+1,tbl_chests[datetime],"<"&TODAY()-WEEKDAY(TODAY(),2)+8))) -> 0 | D77: =IF($A77="","",IF(D$1="","",COUNTIFS(tbl_chests[from],$A77,tbl_chests[legalized],D$1,tbl_chests[datetime],">="&TODAY()-WEEKDAY(TODAY(),2)+1,tbl_chests[datetime],"<"&TODAY()-WEEKDAY(TODAY(),2)+8))) -> 0 | E77: =IF($A77="","",IF(E$1="","",COUNTIFS(tbl_chests[from],$A77,tbl_chests[legalized],E$1,tbl_chests[datetime],">="&TODAY()-WEEKDAY(TODAY(),2)+1,tbl_chests[datetime],"<"&TODAY()-WEEKDAY(TODAY(),2)+8))) -> 0 | F77: =IF($A77="","",IF(F$1="","",COUNTIFS(tbl_chests[from],$A77,tbl_chests[legalized],F$1,tbl_chests[datetime],">="&TODAY()-WEEKDAY(TODAY(),2)+1,tbl_chests[datetime],"<"&TODAY()-WEEKDAY(TODAY(),2)+8))) -> 0 | G77: =IF($A77="","",IF(G$1="","",COUNTIFS(tbl_chests[from],$A77,tbl_chests[legalized],G$1,tbl_chests[datetime],">="&TODAY()-WEEKDAY(TODAY(),2)+1,tbl_chests[datetime],"<"&TODAY()-WEEKDAY(TODAY(),2)+8))) -> 0 | H77: =IF($A77="","",IF(H$1="","",COUNTIFS(tbl_chests[from],$A77,tbl_chests[legalized],H$1,tbl_chests[datetime],">="&TODAY()-WEEKDAY(TODAY(),2)+1,tbl_chests[datetime],"<"&TODAY()-WEEKDAY(TODAY(),2)+8))) -> 0 | I77: =IF($A77="","",IF(I$1="","",COUNTIFS(tbl_chests[from],$A77,tbl_chests[legalized],I$1,tbl_chests[datetime],">="&TODAY()-WEEKDAY(TODAY(),2)+1,tbl_chests[datetime],"<"&TODAY()-WEEKDAY(TODAY(),2)+8))) -> 0 | J77: =IF($A77="","",IF(J$1="","",COUNTIFS(tbl_chests[from],$A77,tbl_chests[legalized],J$1,tbl_chests[datetime],">="&TODAY()-WEEKDAY(TODAY(),2)+1,tbl_chests[datetime],"<"&TODAY()-WEEKDAY(TODAY(),2)+8))) -> 0 | ... AM77: =IF($A77="","",IF(AM$1="","",COUNTIFS(tbl_chests[from],$A77,tbl_chests[legalized],AM$1,tbl_chests[datetime],">="&TODAY()-WEEKDAY(TODAY(),2)+1,tbl_chests[datetime],"<"&TODAY()-WEEKDAY(TODAY(),2)+8))) -> 0
A78: =chests_counter!$H75 -> 0 | B78: {=IF(A78<>"", SUMPRODUCT(($C$2:$AM$2<>0)*(C78:AM78<>0)*($C$2:$AM$2)*(C78:AM78)), "")} -> 0 | C78: =IF($A78="","",IF(C$1="","",COUNTIFS(tbl_chests[from],$A78,tbl_chests[legalized],C$1,tbl_chests[datetime],">="&TODAY()-WEEKDAY(TODAY(),2)+1,tbl_chests[datetime],"<"&TODAY()-WEEKDAY(TODAY(),2)+8))) -> 0 | D78: =IF($A78="","",IF(D$1="","",COUNTIFS(tbl_chests[from],$A78,tbl_chests[legalized],D$1,tbl_chests[datetime],">="&TODAY()-WEEKDAY(TODAY(),2)+1,tbl_chests[datetime],"<"&TODAY()-WEEKDAY(TODAY(),2)+8))) -> 0 | E78: =IF($A78="","",IF(E$1="","",COUNTIFS(tbl_chests[from],$A78,tbl_chests[legalized],E$1,tbl_chests[datetime],">="&TODAY()-WEEKDAY(TODAY(),2)+1,tbl_chests[datetime],"<"&TODAY()-WEEKDAY(TODAY(),2)+8))) -> 0 | F78: =IF($A78="","",IF(F$1="","",COUNTIFS(tbl_chests[from],$A78,tbl_chests[legalized],F$1,tbl_chests[datetime],">="&TODAY()-WEEKDAY(TODAY(),2)+1,tbl_chests[datetime],"<"&TODAY()-WEEKDAY(TODAY(),2)+8))) -> 0 | G78: =IF($A78="","",IF(G$1="","",COUNTIFS(tbl_chests[from],$A78,tbl_chests[legalized],G$1,tbl_chests[datetime],">="&TODAY()-WEEKDAY(TODAY(),2)+1,tbl_chests[datetime],"<"&TODAY()-WEEKDAY(TODAY(),2)+8))) -> 0 | H78: =IF($A78="","",IF(H$1="","",COUNTIFS(tbl_chests[from],$A78,tbl_chests[legalized],H$1,tbl_chests[datetime],">="&TODAY()-WEEKDAY(TODAY(),2)+1,tbl_chests[datetime],"<"&TODAY()-WEEKDAY(TODAY(),2)+8))) -> 0 | I78: =IF($A78="","",IF(I$1="","",COUNTIFS(tbl_chests[from],$A78,tbl_chests[legalized],I$1,tbl_chests[datetime],">="&TODAY()-WEEKDAY(TODAY(),2)+1,tbl_chests[datetime],"<"&TODAY()-WEEKDAY(TODAY(),2)+8))) -> 0 | J78: =IF($A78="","",IF(J$1="","",COUNTIFS(tbl_chests[from],$A78,tbl_chests[legalized],J$1,tbl_chests[datetime],">="&TODAY()-WEEKDAY(TODAY(),2)+1,tbl_chests[datetime],"<"&TODAY()-WEEKDAY(TODAY(),2)+8))) -> 0 | ... AM78: =IF($A78="","",IF(AM$1="","",COUNTIFS(tbl_chests[from],$A78,tbl_chests[legalized],AM$1,tbl_chests[datetime],">="&TODAY()-WEEKDAY(TODAY(),2)+1,tbl_chests[datetime],"<"&TODAY()-WEEKDAY(TODAY(),2)+8))) -> 0
A79: =chests_counter!$H76 -> 0 | B79: {=IF(A79<>"", SUMPRODUCT(($C$2:$AM$2<>0)*(C79:AM79<>0)*($C$2:$AM$2)*(C79:AM79)), "")} -> 0 | C79: =IF($A79="","",IF(C$1="","",COUNTIFS(tbl_chests[from],$A79,tbl_chests[legalized],C$1,tbl_chests[datetime],">="&TODAY()-WEEKDAY(TODAY(),2)+1,tbl_chests[datetime],"<"&TODAY()-WEEKDAY(TODAY(),2)+8))) -> 0 | D79: =IF($A79="","",IF(D$1="","",COUNTIFS(tbl_chests[from],$A79,tbl_chests[legalized],D$1,tbl_chests[datetime],">="&TODAY()-WEEKDAY(TODAY(),2)+1,tbl_chests[datetime],"<"&TODAY()-WEEKDAY(TODAY(),2)+8))) -> 0 | E79: =IF($A79="","",IF(E$1="","",COUNTIFS(tbl_chests[from],$A79,tbl_chests[legalized],E$1,tbl_chests[datetime],">="&TODAY()-WEEKDAY(TODAY(),2)+1,tbl_chests[datetime],"<"&TODAY()-WEEKDAY(TODAY(),2)+8))) -> 0 | F79: =IF($A79="","",IF(F$1="","",COUNTIFS(tbl_chests[from],$A79,tbl_chests[legalized],F$1,tbl_chests[datetime],">="&TODAY()-WEEKDAY(TODAY(),2)+1,tbl_chests[datetime],"<"&TODAY()-WEEKDAY(TODAY(),2)+8))) -> 0 | G79: =IF($A79="","",IF(G$1="","",COUNTIFS(tbl_chests[from],$A79,tbl_chests[legalized],G$1,tbl_chests[datetime],">="&TODAY()-WEEKDAY(TODAY(),2)+1,tbl_chests[datetime],"<"&TODAY()-WEEKDAY(TODAY(),2)+8))) -> 0 | H79: =IF($A79="","",IF(H$1="","",COUNTIFS(tbl_chests[from],$A79,tbl_chests[legalized],H$1,tbl_chests[datetime],">="&TODAY()-WEEKDAY(TODAY(),2)+1,tbl_chests[datetime],"<"&TODAY()-WEEKDAY(TODAY(),2)+8))) -> 0 | I79: =IF($A79="","",IF(I$1="","",COUNTIFS(tbl_chests[from],$A79,tbl_chests[legalized],I$1,tbl_chests[datetime],">="&TODAY()-WEEKDAY(TODAY(),2)+1,tbl_chests[datetime],"<"&TODAY()-WEEKDAY(TODAY(),2)+8))) -> 0 | J79: =IF($A79="","",IF(J$1="","",COUNTIFS(tbl_chests[from],$A79,tbl_chests[legalized],J$1,tbl_chests[datetime],">="&TODAY()-WEEKDAY(TODAY(),2)+1,tbl_chests[datetime],"<"&TODAY()-WEEKDAY(TODAY(),2)+8))) -> 0 | ... AM79: =IF($A79="","",IF(AM$1="","",COUNTIFS(tbl_chests[from],$A79,tbl_chests[legalized],AM$1,tbl_chests[datetime],">="&TODAY()-WEEKDAY(TODAY(),2)+1,tbl_chests[datetime],"<"&TODAY()-WEEKDAY(TODAY(),2)+8))) -> 0
A80: =chests_counter!$H77 -> 0 | B80: {=IF(A80<>"", SUMPRODUCT(($C$2:$AM$2<>0)*(C80:AM80<>0)*($C$2:$AM$2)*(C80:AM80)), "")} -> 0 | C80: =IF($A80="","",IF(C$1="","",COUNTIFS(tbl_chests[from],$A80,tbl_chests[legalized],C$1,tbl_chests[datetime],">="&TODAY()-WEEKDAY(TODAY(),2)+1,tbl_chests[datetime],"<"&TODAY()-WEEKDAY(TODAY(),2)+8))) -> 0 | D80: =IF($A80="","",IF(D$1="","",COUNTIFS(tbl_chests[from],$A80,tbl_chests[legalized],D$1,tbl_chests[datetime],">="&TODAY()-WEEKDAY(TODAY(),2)+1,tbl_chests[datetime],"<"&TODAY()-WEEKDAY(TODAY(),2)+8))) -> 0 | E80: =IF($A80="","",IF(E$1="","",COUNTIFS(tbl_chests[from],$A80,tbl_chests[legalized],E$1,tbl_chests[datetime],">="&TODAY()-WEEKDAY(TODAY(),2)+1,tbl_chests[datetime],"<"&TODAY()-WEEKDAY(TODAY(),2)+8))) -> 0 | F80: =IF($A80="","",IF(F$1="","",COUNTIFS(tbl_chests[from],$A80,tbl_chests[legalized],F$1,tbl_chests[datetime],">="&TODAY()-WEEKDAY(TODAY(),2)+1,tbl_chests[datetime],"<"&TODAY()-WEEKDAY(TODAY(),2)+8))) -> 0 | G80: =IF($A80="","",IF(G$1="","",COUNTIFS(tbl_chests[from],$A80,tbl_chests[legalized],G$1,tbl_chests[datetime],">="&TODAY()-WEEKDAY(TODAY(),2)+1,tbl_chests[datetime],"<"&TODAY()-WEEKDAY(TODAY(),2)+8))) -> 0 | H80: =IF($A80="","",IF(H$1="","",COUNTIFS(tbl_chests[from],$A80,tbl_chests[legalized],H$1,tbl_chests[datetime],">="&TODAY()-WEEKDAY(TODAY(),2)+1,tbl_chests[datetime],"<"&TODAY()-WEEKDAY(TODAY(),2)+8))) -> 0 | I80: =IF($A80="","",IF(I$1="","",COUNTIFS(tbl_chests[from],$A80,tbl_chests[legalized],I$1,tbl_chests[datetime],">="&TODAY()-WEEKDAY(TODAY(),2)+1,tbl_chests[datetime],"<"&TODAY()-WEEKDAY(TODAY(),2)+8))) -> 0 | J80: =IF($A80="","",IF(J$1="","",COUNTIFS(tbl_chests[from],$A80,tbl_chests[legalized],J$1,tbl_chests[datetime],">="&TODAY()-WEEKDAY(TODAY(),2)+1,tbl_chests[datetime],"<"&TODAY()-WEEKDAY(TODAY(),2)+8))) -> 0 | ... AM80: =IF($A80="","",IF(AM$1="","",COUNTIFS(tbl_chests[from],$A80,tbl_chests[legalized],AM$1,tbl_chests[datetime],">="&TODAY()-WEEKDAY(TODAY(),2)+1,tbl_chests[datetime],"<"&TODAY()-WEEKDAY(TODAY(),2)+8))) -> 0
A81: =chests_counter!$H78 -> 0 | B81: {=IF(A81<>"", SUMPRODUCT(($C$2:$AM$2<>0)*(C81:AM81<>0)*($C$2:$AM$2)*(C81:AM81)), "")} -> 0 | C81: =IF($A81="","",IF(C$1="","",COUNTIFS(tbl_chests[from],$A81,tbl_chests[legalized],C$1,tbl_chests[datetime],">="&TODAY()-WEEKDAY(TODAY(),2)+1,tbl_chests[datetime],"<"&TODAY()-WEEKDAY(TODAY(),2)+8))) -> 0 | D81: =IF($A81="","",IF(D$1="","",COUNTIFS(tbl_chests[from],$A81,tbl_chests[legalized],D$1,tbl_chests[datetime],">="&TODAY()-WEEKDAY(TODAY(),2)+1,tbl_chests[datetime],"<"&TODAY()-WEEKDAY(TODAY(),2)+8))) -> 0 | E81: =IF($A81="","",IF(E$1="","",COUNTIFS(tbl_chests[from],$A81,tbl_chests[legalized],E$1,tbl_chests[datetime],">="&TODAY()-WEEKDAY(TODAY(),2)+1,tbl_chests[datetime],"<"&TODAY()-WEEKDAY(TODAY(),2)+8))) -> 0 | F81: =IF($A81="","",IF(F$1="","",COUNTIFS(tbl_chests[from],$A81,tbl_chests[legalized],F$1,tbl_chests[datetime],">="&TODAY()-WEEKDAY(TODAY(),2)+1,tbl_chests[datetime],"<"&TODAY()-WEEKDAY(TODAY(),2)+8))) -> 0 | G81: =IF($A81="","",IF(G$1="","",COUNTIFS(tbl_chests[from],$A81,tbl_chests[legalized],G$1,tbl_chests[datetime],">="&TODAY()-WEEKDAY(TODAY(),2)+1,tbl_chests[datetime],"<"&TODAY()-WEEKDAY(TODAY(),2)+8))) -> 0 | H81: =IF($A81="","",IF(H$1="","",COUNTIFS(tbl_chests[from],$A81,tbl_chests[legalized],H$1,tbl_chests[datetime],">="&TODAY()-WEEKDAY(TODAY(),2)+1,tbl_chests[datetime],"<"&TODAY()-WEEKDAY(TODAY(),2)+8))) -> 0 | I81: =IF($A81="","",IF(I$1="","",COUNTIFS(tbl_chests[from],$A81,tbl_chests[legalized],I$1,tbl_chests[datetime],">="&TODAY()-WEEKDAY(TODAY(),2)+1,tbl_chests[datetime],"<"&TODAY()-WEEKDAY(TODAY(),2)+8))) -> 0 | J81: =IF($A81="","",IF(J$1="","",COUNTIFS(tbl_chests[from],$A81,tbl_chests[legalized],J$1,tbl_chests[datetime],">="&TODAY()-WEEKDAY(TODAY(),2)+1,tbl_chests[datetime],"<"&TODAY()-WEEKDAY(TODAY(),2)+8))) -> 0 | ... AM81: =IF($A81="","",IF(AM$1="","",COUNTIFS(tbl_chests[from],$A81,tbl_chests[legalized],AM$1,tbl_chests[datetime],">="&TODAY()-WEEKDAY(TODAY(),2)+1,tbl_chests[datetime],"<"&TODAY()-WEEKDAY(TODAY(),2)+8))) -> 0
A82: =chests_counter!$H79 -> 0 | B82: {=IF(A82<>"", SUMPRODUCT(($C$2:$AM$2<>0)*(C82:AM82<>0)*($C$2:$AM$2)*(C82:AM82)), "")} -> 0 | C82: =IF($A82="","",IF(C$1="","",COUNTIFS(tbl_chests[from],$A82,tbl_chests[legalized],C$1,tbl_chests[datetime],">="&TODAY()-WEEKDAY(TODAY(),2)+1,tbl_chests[datetime],"<"&TODAY()-WEEKDAY(TODAY(),2)+8))) -> 0 | D82: =IF($A82="","",IF(D$1="","",COUNTIFS(tbl_chests[from],$A82,tbl_chests[legalized],D$1,tbl_chests[datetime],">="&TODAY()-WEEKDAY(TODAY(),2)+1,tbl_chests[datetime],"<"&TODAY()-WEEKDAY(TODAY(),2)+8))) -> 0 | E82: =IF($A82="","",IF(E$1="","",COUNTIFS(tbl_chests[from],$A82,tbl_chests[legalized],E$1,tbl_chests[datetime],">="&TODAY()-WEEKDAY(TODAY(),2)+1,tbl_chests[datetime],"<"&TODAY()-WEEKDAY(TODAY(),2)+8))) -> 0 | F82: =IF($A82="","",IF(F$1="","",COUNTIFS(tbl_chests[from],$A82,tbl_chests[legalized],F$1,tbl_chests[datetime],">="&TODAY()-WEEKDAY(TODAY(),2)+1,tbl_chests[datetime],"<"&TODAY()-WEEKDAY(TODAY(),2)+8))) -> 0 | G82: =IF($A82="","",IF(G$1="","",COUNTIFS(tbl_chests[from],$A82,tbl_chests[legalized],G$1,tbl_chests[datetime],">="&TODAY()-WEEKDAY(TODAY(),2)+1,tbl_chests[datetime],"<"&TODAY()-WEEKDAY(TODAY(),2)+8))) -> 0 | H82: =IF($A82="","",IF(H$1="","",COUNTIFS(tbl_chests[from],$A82,tbl_chests[legalized],H$1,tbl_chests[datetime],">="&TODAY()-WEEKDAY(TODAY(),2)+1,tbl_chests[datetime],"<"&TODAY()-WEEKDAY(TODAY(),2)+8))) -> 0 | I82: =IF($A82="","",IF(I$1="","",COUNTIFS(tbl_chests[from],$A82,tbl_chests[legalized],I$1,tbl_chests[datetime],">="&TODAY()-WEEKDAY(TODAY(),2)+1,tbl_chests[datetime],"<"&TODAY()-WEEKDAY(TODAY(),2)+8))) -> 0 | J82: =IF($A82="","",IF(J$1="","",COUNTIFS(tbl_chests[from],$A82,tbl_chests[legalized],J$1,tbl_chests[datetime],">="&TODAY()-WEEKDAY(TODAY(),2)+1,tbl_chests[datetime],"<"&TODAY()-WEEKDAY(TODAY(),2)+8))) -> 0 | ... AM82: =IF($A82="","",IF(AM$1="","",COUNTIFS(tbl_chests[from],$A82,tbl_chests[legalized],AM$1,tbl_chests[datetime],">="&TODAY()-WEEKDAY(TODAY(),2)+1,tbl_chests[datetime],"<"&TODAY()-WEEKDAY(TODAY(),2)+8))) -> 0
A83: =chests_counter!$H80 -> 0 | B83: {=IF(A83<>"", SUMPRODUCT(($C$2:$AM$2<>0)*(C83:AM83<>0)*($C$2:$AM$2)*(C83:AM83)), "")} -> 0 | C83: =IF($A83="","",IF(C$1="","",COUNTIFS(tbl_chests[from],$A83,tbl_chests[legalized],C$1,tbl_chests[datetime],">="&TODAY()-WEEKDAY(TODAY(),2)+1,tbl_chests[datetime],"<"&TODAY()-WEEKDAY(TODAY(),2)+8))) -> 0 | D83: =IF($A83="","",IF(D$1="","",COUNTIFS(tbl_chests[from],$A83,tbl_chests[legalized],D$1,tbl_chests[datetime],">="&TODAY()-WEEKDAY(TODAY(),2)+1,tbl_chests[datetime],"<"&TODAY()-WEEKDAY(TODAY(),2)+8))) -> 0 | E83: =IF($A83="","",IF(E$1="","",COUNTIFS(tbl_chests[from],$A83,tbl_chests[legalized],E$1,tbl_chests[datetime],">="&TODAY()-WEEKDAY(TODAY(),2)+1,tbl_chests[datetime],"<"&TODAY()-WEEKDAY(TODAY(),2)+8))) -> 0 | F83: =IF($A83="","",IF(F$1="","",COUNTIFS(tbl_chests[from],$A83,tbl_chests[legalized],F$1,tbl_chests[datetime],">="&TODAY()-WEEKDAY(TODAY(),2)+1,tbl_chests[datetime],"<"&TODAY()-WEEKDAY(TODAY(),2)+8))) -> 0 | G83: =IF($A83="","",IF(G$1="","",COUNTIFS(tbl_chests[from],$A83,tbl_chests[legalized],G$1,tbl_chests[datetime],">="&TODAY()-WEEKDAY(TODAY(),2)+1,tbl_chests[datetime],"<"&TODAY()-WEEKDAY(TODAY(),2)+8))) -> 0 | H83: =IF($A83="","",IF(H$1="","",COUNTIFS(tbl_chests[from],$A83,tbl_chests[legalized],H$1,tbl_chests[datetime],">="&TODAY()-WEEKDAY(TODAY(),2)+1,tbl_chests[datetime],"<"&TODAY()-WEEKDAY(TODAY(),2)+8))) -> 0 | I83: =IF($A83="","",IF(I$1="","",COUNTIFS(tbl_chests[from],$A83,tbl_chests[legalized],I$1,tbl_chests[datetime],">="&TODAY()-WEEKDAY(TODAY(),2)+1,tbl_chests[datetime],"<"&TODAY()-WEEKDAY(TODAY(),2)+8))) -> 0 | J83: =IF($A83="","",IF(J$1="","",COUNTIFS(tbl_chests[from],$A83,tbl_chests[legalized],J$1,tbl_chests[datetime],">="&TODAY()-WEEKDAY(TODAY(),2)+1,tbl_chests[datetime],"<"&TODAY()-WEEKDAY(TODAY(),2)+8))) -> 0 | ... AM83: =IF($A83="","",IF(AM$1="","",COUNTIFS(tbl_chests[from],$A83,tbl_chests[legalized],AM$1,tbl_chests[datetime],">="&TODAY()-WEEKDAY(TODAY(),2)+1,tbl_chests[datetime],"<"&TODAY()-WEEKDAY(TODAY(),2)+8))) -> 0
A84: =chests_counter!$H81 -> 0 | B84: {=IF(A84<>"", SUMPRODUCT(($C$2:$AM$2<>0)*(C84:AM84<>0)*($C$2:$AM$2)*(C84:AM84)), "")} -> 0 | C84: =IF($A84="","",IF(C$1="","",COUNTIFS(tbl_chests[from],$A84,tbl_chests[legalized],C$1,tbl_chests[datetime],">="&TODAY()-WEEKDAY(TODAY(),2)+1,tbl_chests[datetime],"<"&TODAY()-WEEKDAY(TODAY(),2)+8))) -> 0 | D84: =IF($A84="","",IF(D$1="","",COUNTIFS(tbl_chests[from],$A84,tbl_chests[legalized],D$1,tbl_chests[datetime],">="&TODAY()-WEEKDAY(TODAY(),2)+1,tbl_chests[datetime],"<"&TODAY()-WEEKDAY(TODAY(),2)+8))) -> 0 | E84: =IF($A84="","",IF(E$1="","",COUNTIFS(tbl_chests[from],$A84,tbl_chests[legalized],E$1,tbl_chests[datetime],">="&TODAY()-WEEKDAY(TODAY(),2)+1,tbl_chests[datetime],"<"&TODAY()-WEEKDAY(TODAY(),2)+8))) -> 0 | F84: =IF($A84="","",IF(F$1="","",COUNTIFS(tbl_chests[from],$A84,tbl_chests[legalized],F$1,tbl_chests[datetime],">="&TODAY()-WEEKDAY(TODAY(),2)+1,tbl_chests[datetime],"<"&TODAY()-WEEKDAY(TODAY(),2)+8))) -> 0 | G84: =IF($A84="","",IF(G$1="","",COUNTIFS(tbl_chests[from],$A84,tbl_chests[legalized],G$1,tbl_chests[datetime],">="&TODAY()-WEEKDAY(TODAY(),2)+1,tbl_chests[datetime],"<"&TODAY()-WEEKDAY(TODAY(),2)+8))) -> 0 | H84: =IF($A84="","",IF(H$1="","",COUNTIFS(tbl_chests[from],$A84,tbl_chests[legalized],H$1,tbl_chests[datetime],">="&TODAY()-WEEKDAY(TODAY(),2)+1,tbl_chests[datetime],"<"&TODAY()-WEEKDAY(TODAY(),2)+8))) -> 0 | I84: =IF($A84="","",IF(I$1="","",COUNTIFS(tbl_chests[from],$A84,tbl_chests[legalized],I$1,tbl_chests[datetime],">="&TODAY()-WEEKDAY(TODAY(),2)+1,tbl_chests[datetime],"<"&TODAY()-WEEKDAY(TODAY(),2)+8))) -> 0 | J84: =IF($A84="","",IF(J$1="","",COUNTIFS(tbl_chests[from],$A84,tbl_chests[legalized],J$1,tbl_chests[datetime],">="&TODAY()-WEEKDAY(TODAY(),2)+1,tbl_chests[datetime],"<"&TODAY()-WEEKDAY(TODAY(),2)+8))) -> 0 | ... AM84: =IF($A84="","",IF(AM$1="","",COUNTIFS(tbl_chests[from],$A84,tbl_chests[legalized],AM$1,tbl_chests[datetime],">="&TODAY()-WEEKDAY(TODAY(),2)+1,tbl_chests[datetime],"<"&TODAY()-WEEKDAY(TODAY(),2)+8))) -> 0
A85: =chests_counter!$H82 -> 0 | B85: {=IF(A85<>"", SUMPRODUCT(($C$2:$AM$2<>0)*(C85:AM85<>0)*($C$2:$AM$2)*(C85:AM85)), "")} -> 0 | C85: =IF($A85="","",IF(C$1="","",COUNTIFS(tbl_chests[from],$A85,tbl_chests[legalized],C$1,tbl_chests[datetime],">="&TODAY()-WEEKDAY(TODAY(),2)+1,tbl_chests[datetime],"<"&TODAY()-WEEKDAY(TODAY(),2)+8))) -> 0 | D85: =IF($A85="","",IF(D$1="","",COUNTIFS(tbl_chests[from],$A85,tbl_chests[legalized],D$1,tbl_chests[datetime],">="&TODAY()-WEEKDAY(TODAY(),2)+1,tbl_chests[datetime],"<"&TODAY()-WEEKDAY(TODAY(),2)+8))) -> 0 | E85: =IF($A85="","",IF(E$1="","",COUNTIFS(tbl_chests[from],$A85,tbl_chests[legalized],E$1,tbl_chests[datetime],">="&TODAY()-WEEKDAY(TODAY(),2)+1,tbl_chests[datetime],"<"&TODAY()-WEEKDAY(TODAY(),2)+8))) -> 0 | F85: =IF($A85="","",IF(F$1="","",COUNTIFS(tbl_chests[from],$A85,tbl_chests[legalized],F$1,tbl_chests[datetime],">="&TODAY()-WEEKDAY(TODAY(),2)+1,tbl_chests[datetime],"<"&TODAY()-WEEKDAY(TODAY(),2)+8))) -> 0 | G85: =IF($A85="","",IF(G$1="","",COUNTIFS(tbl_chests[from],$A85,tbl_chests[legalized],G$1,tbl_chests[datetime],">="&TODAY()-WEEKDAY(TODAY(),2)+1,tbl_chests[datetime],"<"&TODAY()-WEEKDAY(TODAY(),2)+8))) -> 0 | H85: =IF($A85="","",IF(H$1="","",COUNTIFS(tbl_chests[from],$A85,tbl_chests[legalized],H$1,tbl_chests[datetime],">="&TODAY()-WEEKDAY(TODAY(),2)+1,tbl_chests[datetime],"<"&TODAY()-WEEKDAY(TODAY(),2)+8))) -> 0 | I85: =IF($A85="","",IF(I$1="","",COUNTIFS(tbl_chests[from],$A85,tbl_chests[legalized],I$1,tbl_chests[datetime],">="&TODAY()-WEEKDAY(TODAY(),2)+1,tbl_chests[datetime],"<"&TODAY()-WEEKDAY(TODAY(),2)+8))) -> 0 | J85: =IF($A85="","",IF(J$1="","",COUNTIFS(tbl_chests[from],$A85,tbl_chests[legalized],J$1,tbl_chests[datetime],">="&TODAY()-WEEKDAY(TODAY(),2)+1,tbl_chests[datetime],"<"&TODAY()-WEEKDAY(TODAY(),2)+8))) -> 0 | ... AM85: =IF($A85="","",IF(AM$1="","",COUNTIFS(tbl_chests[from],$A85,tbl_chests[legalized],AM$1,tbl_chests[datetime],">="&TODAY()-WEEKDAY(TODAY(),2)+1,tbl_chests[datetime],"<"&TODAY()-WEEKDAY(TODAY(),2)+8))) -> 0
... A136: =chests_counter!$H133 -> 0 | B136: {=IF(A136<>"", SUMPRODUCT(($C$2:$AM$2<>0)*(C136:AM136<>0)*($C$2:$AM$2)*(C136:AM136)), "")} -> 0 | C136: =IF($A136="","",IF(C$1="","",COUNTIFS(tbl_chests[from],$A136,tbl_chests[legalized],C$1,tbl_chests[datetime],">="&TODAY()-WEEKDAY(TODAY(),2)+1,tbl_chests[datetime],"<"&TODAY()-WEEKDAY(TODAY(),2)+8))) -> 0 | D136: =IF($A136="","",IF(D$1="","",COUNTIFS(tbl_chests[from],$A136,tbl_chests[legalized],D$1,tbl_chests[datetime],">="&TODAY()-WEEKDAY(TODAY(),2)+1,tbl_chests[datetime],"<"&TODAY()-WEEKDAY(TODAY(),2)+8))) -> 0 | E136: =IF($A136="","",IF(E$1="","",COUNTIFS(tbl_chests[from],$A136,tbl_chests[legalized],E$1,tbl_chests[datetime],">="&TODAY()-WEEKDAY(TODAY(),2)+1,tbl_chests[datetime],"<"&TODAY()-WEEKDAY(TODAY(),2)+8))) -> 0 | F136: =IF($A136="","",IF(F$1="","",COUNTIFS(tbl_chests[from],$A136,tbl_chests[legalized],F$1,tbl_chests[datetime],">="&TODAY()-WEEKDAY(TODAY(),2)+1,tbl_chests[datetime],"<"&TODAY()-WEEKDAY(TODAY(),2)+8))) -> 0 | G136: =IF($A136="","",IF(G$1="","",COUNTIFS(tbl_chests[from],$A136,tbl_chests[legalized],G$1,tbl_chests[datetime],">="&TODAY()-WEEKDAY(TODAY(),2)+1,tbl_chests[datetime],"<"&TODAY()-WEEKDAY(TODAY(),2)+8))) -> 0 | H136: =IF($A136="","",IF(H$1="","",COUNTIFS(tbl_chests[from],$A136,tbl_chests[legalized],H$1,tbl_chests[datetime],">="&TODAY()-WEEKDAY(TODAY(),2)+1,tbl_chests[datetime],"<"&TODAY()-WEEKDAY(TODAY(),2)+8))) -> 0 | I136: =IF($A136="","",IF(I$1="","",COUNTIFS(tbl_chests[from],$A136,tbl_chests[legalized],I$1,tbl_chests[datetime],">="&TODAY()-WEEKDAY(TODAY(),2)+1,tbl_chests[datetime],"<"&TODAY()-WEEKDAY(TODAY(),2)+8))) -> 0 | J136: =IF($A136="","",IF(J$1="","",COUNTIFS(tbl_chests[from],$A136,tbl_chests[legalized],J$1,tbl_chests[datetime],">="&TODAY()-WEEKDAY(TODAY(),2)+1,tbl_chests[datetime],"<"&TODAY()-WEEKDAY(TODAY(),2)+8))) -> 0 | ... AM136: =IF($A136="","",IF(AM$1="","",COUNTIFS(tbl_chests[from],$A136,tbl_chests[legalized],AM$1,tbl_chests[datetime],">="&TODAY()-WEEKDAY(TODAY(),2)+1,tbl_chests[datetime],"<"&TODAY()-WEEKDAY(TODAY(),2)+8))) -> 0
C137: =IF($A137 = "","",IF(C$1 = "","",COUNTIFS(#REF!,$A137,#REF!,C$1))) | D137: =IF($A137 = "","",IF(D$1 = "","",COUNTIFS(#REF!,$A137,#REF!,D$1))) | E137: =IF($A137 = "","",IF(E$1 = "","",COUNTIFS(#REF!,$A137,#REF!,E$1))) | F137: =IF($A137 = "","",IF(F$1 = "","",COUNTIFS(#REF!,$A137,#REF!,F$1))) | G137: =IF($A137 = "","",IF(G$1 = "","",COUNTIFS(#REF!,$A137,#REF!,G$1))) | H137: =IF($A137 = "","",IF(H$1 = "","",COUNTIFS(#REF!,$A137,#REF!,H$1))) | I137: =IF($A137 = "","",IF(I$1 = "","",COUNTIFS(#REF!,$A137,#REF!,I$1))) | J137: =IF($A137 = "","",IF(J$1 = "","",COUNTIFS(#REF!,$A137,#REF!,J$1))) | ... AM137: =IF($A137 = "","",IF(AM$1 = "","",COUNTIFS(#REF!,$A137,#REF!,AM$1)))
C138: =IF($A138 = "","",IF(C$1 = "","",COUNTIFS(#REF!,$A138,#REF!,C$1))) | D138: =IF($A138 = "","",IF(D$1 = "","",COUNTIFS(#REF!,$A138,#REF!,D$1))) | E138: =IF($A138 = "","",IF(E$1 = "","",COUNTIFS(#REF!,$A138,#REF!,E$1))) | F138: =IF($A138 = "","",IF(F$1 = "","",COUNTIFS(#REF!,$A138,#REF!,F$1))) | G138: =IF($A138 = "","",IF(G$1 = "","",COUNTIFS(#REF!,$A138,#REF!,G$1))) | H138: =IF($A138 = "","",IF(H$1 = "","",COUNTIFS(#REF!,$A138,#REF!,H$1))) | I138: =IF($A138 = "","",IF(I$1 = "","",COUNTIFS(#REF!,$A138,#REF!,I$1))) | J138: =IF($A138 = "","",IF(J$1 = "","",COUNTIFS(#REF!,$A138,#REF!,J$1))) | ... AM138: =IF($A138 = "","",IF(AM$1 = "","",COUNTIFS(#REF!,$A138,#REF!,AM$1)))
C139: =IF($A139 = "","",IF(C$1 = "","",COUNTIFS(#REF!,$A139,#REF!,C$1))) | D139: =IF($A139 = "","",IF(D$1 = "","",COUNTIFS(#REF!,$A139,#REF!,D$1))) | E139: =IF($A139 = "","",IF(E$1 = "","",COUNTIFS(#REF!,$A139,#REF!,E$1))) | F139: =IF($A139 = "","",IF(F$1 = "","",COUNTIFS(#REF!,$A139,#REF!,F$1))) | G139: =IF($A139 = "","",IF(G$1 = "","",COUNTIFS(#REF!,$A139,#REF!,G$1))) | H139: =IF($A139 = "","",IF(H$1 = "","",COUNTIFS(#REF!,$A139,#REF!,H$1))) | I139: =IF($A139 = "","",IF(I$1 = "","",COUNTIFS(#REF!,$A139,#REF!,I$1))) | J139: =IF($A139 = "","",IF(J$1 = "","",COUNTIFS(#REF!,$A139,#REF!,J$1))) | ... AM139: =IF($A139 = "","",IF(AM$1 = "","",COUNTIFS(#REF!,$A139,#REF!,AM$1)))
C140: =IF($A140 = "","",IF(C$1 = "","",COUNTIFS(#REF!,$A140,#REF!,C$1))) | D140: =IF($A140 = "","",IF(D$1 = "","",COUNTIFS(#REF!,$A140,#REF!,D$1))) | E140: =IF($A140 = "","",IF(E$1 = "","",COUNTIFS(#REF!,$A140,#REF!,E$1))) | F140: =IF($A140 = "","",IF(F$1 = "","",COUNTIFS(#REF!,$A140,#REF!,F$1))) | G140: =IF($A140 = "","",IF(G$1 = "","",COUNTIFS(#REF!,$A140,#REF!,G$1))) | H140: =IF($A140 = "","",IF(H$1 = "","",COUNTIFS(#REF!,$A140,#REF!,H$1))) | I140: =IF($A140 = "","",IF(I$1 = "","",COUNTIFS(#REF!,$A140,#REF!,I$1))) | J140: =IF($A140 = "","",IF(J$1 = "","",COUNTIFS(#REF!,$A140,#REF!,J$1))) | ... AM140: =IF($A140 = "","",IF(AM$1 = "","",COUNTIFS(#REF!,$A140,#REF!,AM$1)))

Sheet contributions_2026-05
A1: date | B1: player | C1: amount | D1: type | E1: amount_num | F1: speedup_days | G1: speedup_hours | I1: Sum of amount_num | J1: Column Labels
A2: 46146 | B2: sillovr | C2: 2717000 | D2: Lumber | E2: 2717000 | I2: Row Labels | K2: Dragon Coins | L2: Food | M2: Iron | N2: Lumber | O2: Silver | P2: Steel | Q2: Stone | R2: Grand Total
A3: 46146 | B3: MindraNivera | C3: 1000000 | D3: Lumber | E3: 1000000 | I3: Absolutus | L3: 1494607 | M3: 395670 | O3: 1045008 | P3: 1063155 | R3: 3998440
A4: 46146 | B4: sillovr | C4: 2717000 | D4: Stone | E4: 2717000 | I4: Agagas | O4: 270 | R4: 270
A5: 46146 | B5: elm3alim | C5: 7d 0h | D5: Clan Speedup | F5: 7 | G5: 168 | I5: AL CAPONE | O5: 205 | R5: 205
A6: 46146 | B6: Gleranir | C6: 1872000 | D6: Food | E6: 1872000 | I6: aladred | L6: 3758479 | N6: 6448479 | O6: 6647023 | Q6: 2898337 | R6: 19752318
A7: 46146 | B7: Gleranir | C7: 1872000 | D7: Food | E7: 1872000 | I7: Amr ibn al Aas | L7: 4110624 | M7: 1890000 | O7: 5810214 | Q7: 5805791 | R7: 17616629
A8: 46146 | B8: Gleranir | C8: 1872000 | D8: Silver | E8: 1872000 | I8: Angel | L8: 647917 | M8: 109648 | N8: 200 | O8: 693389 | P8: 200 | Q8: 203907 | R8: 1655261
A9: 46146 | B9: Nettle | C9: 11d 16h | D9: Clan Speedup | F9: 12 | G9: 280 | I9: ARBA33 | L9: 3050000 | N9: 350000 | O9: 7439030 | Q9: 750000 | R9: 11589030
A10: 46146 | B10: Chili Peppers | C10: 13d 3h | D10: Clan Speedup | F10: 13 | G10: 315 | I10: Attila the hun | J10: 1353 | L10: 5166 | N10: 8862000 | O10: 9114551 | R10: 17983070
A11: 46146 | B11: Nettle | C11: 18400000 | D11: Food | E11: 18400000 | I11: basket ball | O11: 7686000 | R11: 7686000
A12: 46146 | B12: Der Morg | C12: 4587518 | D12: Lumber | E12: 4587518 | I12: Bella | J12: 1880 | K12: 1250 | L12: 3130 | N12: 2743000 | O12: 3021474 | R12: 5770734
A13: 46146 | B13: Morn | C13: 1248000 | D13: Food | E13: 1248000 | I13: BORU | L13: 1274 | O13: 251274 | R13: 252548
A14: 46146 | B14: Glitched | C14: 848000 | D14: Food | E14: 848000 | I14: Burgs | L14: 7735854 | M14: 2788741 | N14: 458003 | O14: 7637383 | P14: 3304379 | Q14: 1840999 | R14: 23765359
A15: 46146 | B15: aladred | C15: 2690000 | D15: Stone | E15: 2690000 | I15: CarpeVino | L15: 989 | O15: 1746 | R15: 2735
A16: 46146 | B16: Zulkigore | C16: 4428000 | D16: Silver | E16: 4428000 | I16: Celmeena | J16: 10000 | K16: 10000 | L16: 3408000 | O16: 3668979 | R16: 7096979
A17: 46146 | B17: MindraNivera | C17: 1000000 | D17: Silver | E17: 1000000 | I17: Chili Peppers | K17: 15000 | L17: 22215946 | M17: 9418186 | O17: 363669 | R17: 32012801
A18: 46146 | B18: sillovr | C18: 2717000 | D18: Food | E18: 2717000 | I18: Colis | L18: 10750364 | M18: 3450469 | O18: 9789441 | Q18: 2070000 | R18: 26060274
A19: 46146 | B19: Gleranir | C19: 1872000 | D19: Silver | E19: 1872000 | I19: Comand KGH | J19: 20000 | O19: 250000 | R19: 270000
A20: 46146 | B20: Nettle | C20: 18400000 | D20: Lumber | E20: 18400000 | I20: CongulusMurat | O20: 3744000 | R20: 3744000
A21: 46146 | B21: Der Morg | C21: 4587518 | D21: Food | E21: 4587518 | I21: crabb | J21: 700000 | L21: 3004055 | M21: 850000 | N21: 50000 | O21: 2454055 | Q21: 50000 | R21: 7108110
A22: 46146 | B22: aladred | C22: 2690000 | D22: Lumber | E22: 2690000 | I22: Darus735 | L22: 22464000 | N22: 22464000 | O22: 22482842 | R22: 67410842
A23: 46146 | B23: Totaur | C23: 2026 | D23: Food | E23: 2026 | I23: Der Morg | J23: 2717000 | L23: 49826599 | M23: 13287390 | N23: 37191518 | O23: 67888259 | Q23: 21528588 | R23: 192439354
A24: 46146 | B24: Der Morg | C24: 4587518 | D24: Silver | E24: 4587518 | I24: Doberman | O24: 152 | R24: 152
A25: 46146 | B25: aladred | C25: 2690000 | D25: Silver | E25: 2690000 | I25: Earar | L25: 6472134 | M25: 5881256 | O25: 4290741 | Q25: 4290741 | R25: 20934872
A26: 46146 | B26: Totaur | C26: 2926000 | D26: Silver | E26: 2926000 | I26: Elaref | L26: 278 | O26: 1000850 | R26: 1001128
A27: 46146 | B27: Totaur | C27: 2926000 | D27: Stone | E27: 2926000 | I27: Eyvening | O27: 250000 | R27: 250000
A28: 46146 | B28: sillovr | C28: 8229000 | D28: Steel | E28: 8229000 | I28: Ferodad | L28: 36826209 | M28: 14335807 | N28: 2912000 | O28: 10561611 | Q28: 13846748 | R28: 78482375
A29: 46146 | B29: Pfunk | C29: 1890000 | D29: Food | E29: 1890000 | I29: Gabriel | L29: 7620000 | M29: 7620000 | O29: 250000 | R29: 15490000
A30: 46146 | B30: Zulkigore | C30: 4428000 | D30: Food | E30: 4428000 | I30: Gleranir | L30: 3744000 | O30: 3744000 | R30: 7488000
A31: 46146 | B31: Totaur | C31: 2926000 | D31: Food | E31: 2926000 | I31: Glitched | L31: 2385891 | R31: 2385891
A32: 46146 | B32: sillovr | C32: 8229000 | D32: Food | E32: 8229000 | I32: Gozahn | L32: 2935496 | N32: 1908000 | O32: 1386678 | Q32: 1386246 | R32: 7616420
A33: 46146 | B33: Pfunk | C33: 1890000 | D33: Iron | E33: 1890000 | I33: Hunter | K33: 6000 | L33: 10326000 | N33: 28380000 | O33: 18381442 | R33: 57093442
A34: 46146 | B34: Zulkigore | C34: 948000 | D34: Lumber | E34: 948000 | I34: Iver | O34: 1881000 | R34: 1881000
A35: 46146 | B35: Pfunk | C35: 105856 | D35: Silver | E35: 105856 | I35: Jennifer | L35: 6798895 | N35: 5868000 | O35: 14506305 | P35: 1839410 | R35: 29012610
A36: 46146 | B36: Pfunk | C36: 1890000 | D36: Stone | E36: 1890000 | I36: Jon Snow | J36: 20000 | K36: 20000 | O36: 17395000 | Q36: 17145000 | R36: 34580000
A37: 46146 | B37: aladred | C37: 3758479 | D37: Lumber | E37: 3758479 | I37: Kaachou | O37: 3770470 | R37: 3770470
A38: 46146 | B38: Yondu | C38: 2584672 | D38: Food | E38: 2584672 | I38: Kathrilis | L38: 2704000 | M38: 2704000 | O38: 4204978 | R38: 9612978
A39: 46146 | B39: sillovr | C39: 8229000 | D39: Silver | E39: 8229000 | I39: Lefinan | J39: 10000 | K39: 10000 | L39: 10000 | O39: 502966 | R39: 532966
A40: 46146 | B40: Pfunk | C40: 105856 | D40: Food | E40: 105856 | I40: LeTinan | L40: 330 | R40: 330
A41: 46146 | B41: aladred | C41: 3758479 | D41: Silver | E41: 3758479 | I41: Lil Thog of Boomtown | L41: 250000 | N41: 2153129 | O41: 3841037 | R41: 6244166
A42: 46146 | B42: Yondu | C42: 1150054 | D42: Silver | E42: 1150054 | I42: Lirosin | J42: 10000 | K42: 10000 | L42: 10411707 | M42: 198911 | O42: 10307686 | R42: 20938304
A43: 46146 | B43: Yondu | C43: 706134 | D43: Iron | E43: 706134 | I43: Luar | L43: 9647694 | M43: 7155006 | N43: 15565870 | O43: 27165751 | Q43: 3602310 | R43: 63136631
A44: 46146 | B44: Yondu | C44: 737452 | D44: Food | E44: 737452 | I44: Maedrafir | O44: 776406 | R44: 776406
A45: 46146 | B45: Yondu | C45: 823863 | D45: Silver | E45: 823863 | I45: Mario | O45: 2800 | R45: 2800
A46: 46146 | B46: aladred | C46: 208337 | D46: Stone | E46: 208337 | I46: Megrinad | L46: 2743018 | M46: 1007106 | N46: 6270000 | O46: 9013018 | Q46: 403139 | R46: 19436281
A47: 46146 | B47: aladred | C47: 198544 | D47: Silver | E47: 198544 | I47: MindraNivera | L47: 1000000 | N47: 1000000 | O47: 1404000 | P47: 1000000 | R47: 4404000
A48: 46146 | B48: aladred | C48: 3758479 | D48: Food | E48: 3758479 | I48: Morn | L48: 1248000 | R48: 1248000
A49: 46146 | B49: Yondu | C49: 2584672 | D49: Stone | E49: 2584672 | I49: Nakor | K49: 25000 | L49: 10909551 | M49: 4819622 | N49: 56000000 | O49: 66708723 | Q49: 6055768 | R49: 144518664
A50: 46146 | B50: Yondu | C50: 823863 | D50: Stone | E50: 823863 | I50: Nettle | J50: 10000 | K50: 10000 | L50: 40588921 | M50: 7409978 | N50: 57200000 | O50: 48406439 | Q50: 18400000 | R50: 172025338
A51: 46146 | B51: Toastman | C51: 1036 | D51: Food | E51: 1036 | I51: Osvajac666 | L51: 8416797 | M51: 5371003 | N51: 2413782 | O51: 8525610 | Q51: 2063973 | R51: 26791165
A52: 46146 | B52: Sinwing | C52: 100000 | D52: Food | E52: 100000 | I52: Pfunk | L52: 5726422 | M52: 1890000 | N52: 1890000 | O52: 3776853 | P52: 1890000 | Q52: 1890000 | R52: 17063275
A53: 46146 | B53: Absolutus | C53: 431452 | D53: Food | E53: 431452 | I53: Railrinine | L53: 124 | R53: 124
A54: 46146 | B54: Megrinad | C54: 6270000 | D54: Lumber | E54: 6270000 | I54: Railrining | J54: 1250 | K54: 1250 | L54: 1250 | O54: 124 | R54: 3874
A55: 46146 | B55: Absolutus | C55: 1063155 | D55: Steel | E55: 1063155 | I55: Rayan | L55: 763 | O55: 1026169 | R55: 1026932
A56: 46146 | B56: Absolutus | C56: 1063155 | D56: Food | E56: 1063155 | I56: Red Hot | L56: 11607571 | M56: 1138634 | O56: 9241795 | Q56: 1225415 | R56: 23213415
A57: 46146 | B57: Megrinad | C57: 1007106 | D57: Iron | E57: 1007106 | I57: Rhys | J57: 22500 | K57: 4500 | L57: 3000 | O57: 266830 | R57: 296830
A58: 46146 | B58: Megrinad | C58: 2339879 | D58: Silver | E58: 2339879 | I58: ROD | K58: 10000 | L58: 16026436 | M58: 5629252 | O58: 10867212 | Q58: 11391546 | R58: 43924446
A59: 46146 | B59: wiiikaaaa | C59: 3290000 | D59: Stone | E59: 3290000 | I59: SalahTime | L59: 1063573 | O59: 10382082 | R59: 11445655
A60: 46146 | B60: Megrinad | C60: 403139 | D60: Food | E60: 403139 | I60: SHIOVF | L60: 14911565 | R60: 14911565
A61: 46146 | B61: wiiikaaaa | C61: 3290000 | D61: Silver | E61: 3290000 | I61: sillovr | L61: 31218150 | M61: 6455408 | N61: 16509166 | O61: 33524514 | P61: 8229000 | Q61: 11866452 | R61: 107802690
A62: 46146 | B62: Megrinad | C62: 6270000 | D62: Silver | E62: 6270000 | I62: silovr | L62: 531 | R62: 531
A63: 46146 | B63: Megrinad | C63: 2339879 | D63: Food | E63: 2339879 | I63: Sinwing | L63: 100000 | R63: 100000
A64: 46146 | B64: wiiikaaaa | C64: 3290000 | D64: Silver | E64: 3290000 | I64: Stuff | J64: 1293 | L64: 2251293 | N64: 2250000 | O64: 2267263 | R64: 6769849
A65: 46146 | B65: Megrinad | C65: 403139 | D65: Stone | E65: 403139 | I65: Tafari Makonnen | O65: 526650 | R65: 526650
A66: 46146 | B66: Attila the hun | C66: 1794 | D66: Food | E66: 1794 | I66: Toastman | L66: 1036 | R66: 1036
A67: 46146 | B67: sillovr | C67: 7481771 | D67: Lumber | E67: 7481771 | I67: Tomuro | J67: 3130 | K67: 1250 | L67: 7614 | O67: 486186 | R67: 498180
A68: 46146 | B68: sillovr | C68: 1339713 | D68: Food | E68: 1339713 | I68: Totaur | L68: 10775370 | M68: 8272277 | N68: 4753147 | O68: 7698051 | P68: 2926000 | Q68: 11321963 | R68: 45746808
A69: 46146 | B69: Ferodad | C69: 3500000 | D69: Iron | E69: 3500000 | I69: Tygohn | J69: 10000 | K69: 10000 | O69: 690000 | R69: 710000
A70: 46146 | B70: ARBA33 | C70: 400000 | D70: Stone | E70: 400000 | I70: Vasfris | L70: 857 | O70: 1251955 | R70: 1252812
A71: 46146 | B71: wiiikaaaa | C71: 3290000 | D71: Food | E71: 3290000 | I71: Volk | L71: 13403880 | N71: 14307160 | O71: 20836576 | Q71: 1890188 | R71: 50437804
A72: 46146 | B72: Megrinad | C72: 403139 | D72: Silver | E72: 403139 | I72: wiiikaaaa | L72: 3291880 | O72: 7090444 | Q72: 3290000 | R72: 13672324
A73: 46146 | B73: MindraNivera | C73: 1000000 | D73: Food | E73: 1000000 | I73: World Order | L73: 249574 | N73: 454995 | O73: 704569 | P73: 141587 | R73: 1550725
A74: 46146 | B74: sillovr | C74: 7481771 | D74: Silver | E74: 7481771 | I74: Yondu | K74: 4500 | L74: 46065014 | M74: 8036299 | N74: 1732050 | O74: 42704618 | Q74: 10325259 | R74: 108867740
A75: 46146 | B75: sillovr | C75: 1339713 | D75: Silver | E75: 1339713 | I75: Zulkigore | L75: 5352000 | N75: 1792000 | O75: 6196000 | R75: 13340000
A76: 46146 | B76: ARBA33 | C76: 400000 | D76: Food | E76: 400000 | I76: Grand Total | J76: 3538406 | K76: 138750 | L76: 459573828 | M76: 120114663 | N76: 301926499 | O76: 577804366 | P76: 20393731 | Q76: 155542370 | R76: 1639032613
A77: 46146 | B77: sillovr | C77: 2196908 | D77: Food | E77: 2196908
A78: 46146 | B78: ARBA33 | C78: 400000 | D78: Silver | E78: 400000
A79: 46146 | B79: sillovr | C79: 1108357 | D79: Iron | E79: 1108357
A80: 46146 | B80: crabb | C80: 50000 | D80: Food | E80: 50000
A81: 46146 | B81: Amr ibn al Aas | C81: 3998821 | D81: Silver | E81: 3998821
A82: 46146 | B82: Ferodad | C82: 3500000 | D82: Food | E82: 3500000
A83: 46146 | B83: crabb | C83: 50000 | D83: Iron | E83: 50000
A84: 46146 | B84: Amr ibn al Aas | C84: 3998821 | D84: Stone | E84: 3998821
A85: 46146 | B85: MindraNivera | C85: 404000 | D85: Silver | E85: 404000
A86: 46146 | B86: crabb | C86: 50000 | D86: Silver | E86: 50000
A87: 46146 | B87: crabb | C87: 50000 | D87: Silver | E87: 50000
A88: 46146 | B88: Attila the hun | C88: 8862000 | D88: Silver | E88: 8862000
... A116: 46146 | B116: Glitched | C116: 1537891 | D116: Food | E116: 1537891
A117: 46146 | B117: Tomuro | C117: 1880 | E117: 1880
A118: 46146 | B118: Earar | C118: 1011581 | D118: Food | E118: 1011581
A119: 46146 | B119: Earar | C119: 1023603 | D119: Stone | E119: 1023603
A120: 46146 | B120: Tomuro | C120: 1880 | D120: Food | E120: 1880
A121: 46146 | B121: Attila the hun | C121: 1353 | E121: 1353
A122: 46146 | B122: Bella | C122: 1250 | D122: Food | E122: 1250
A123: 46146 | B123: Zulkigore | C123: 924000 | D123: Food | E123: 924000
A124: 46146 | B124: Zulkigore | C124: 10d 15h | D124: Clan Speedup | F124: 11 | G124: 255
A125: 46146 | B125: Attila the hun | C125: 1353 | D125: Food | E125: 1353
A126: 46146 | B126: Bella | C126: 1250 | D126: Dragon Coins | E126: 1250
A127: 46146 | B127: Zulkigore | C127: 924000 | D127: Silver | E127: 924000
...

Sheet chests_counter
A1: datetime | B1: tab | C1: chest | D1: from | E1: source | F1: legalized | H1: Row Labels | J1: Count of source | K1: Column Labels
A2: 46153.431 | B2: Gifts | C2: Cobra Chest | D2: Luar | E2: Level 10 Crypt | F2: =IF(E2="", "", IF(COUNTIF(ChestType!$A$5:$A$195, E2)>0, VLOOKUP(E2, ChestType!$A$5:$B$195, 2, 0), "Others")) -> L10 Crypt | H2: Absolutus | J2: Row Labels | K2: Bank | L2: L10 Citadel | M2: L10 Crypt | N2: L10 Rare Crypt | O2: L15 Crypt | P2: L15 Epic Crypt | Q2: L15 Rare Crypt | R2: L20 Crypt | S2: L20 Epic Crypt | T2: L5 Crypt | U2: Others | V2: Grand Total
A3: 46153.431 | B3: Gifts | C3: Infernal Chest | D3: Luar | E3: Level 15 Crypt | F3: =IF(E3="", "", IF(COUNTIF(ChestType!$A$5:$A$195, E3)>0, VLOOKUP(E3, ChestType!$A$5:$B$195, 2, 0), "Others")) -> L15 Crypt | H3: aladred | J3: Absolutus | L3: 1 | M3: 1 | U3: 2 | V3: 4
A4: 46153.431 | B4: Gifts | C4: Bone Chest | D4: Luar | E4: Level 15 Crypt | F4: =IF(E4="", "", IF(COUNTIF(ChestType!$A$5:$A$195, E4)>0, VLOOKUP(E4, ChestType!$A$5:$B$195, 2, 0), "Others")) -> L15 Crypt | H4: Amr ibn al Aas | J4: aladred | K4: 6 | M4: 1 | T4: 1 | V4: 8
A5: 46153.431 | B5: Gifts | C5: Bone Chest | D5: Luar | E5: Level 10 Crypt | F5: =IF(E5="", "", IF(COUNTIF(ChestType!$A$5:$A$195, E5)>0, VLOOKUP(E5, ChestType!$A$5:$B$195, 2, 0), "Others")) -> L10 Crypt | H5: ARBA33 | J5: Amr ibn al Aas | M5: 1 | V5: 1
A6: 46153.431 | B6: Gifts | C6: Cobra Chest | D6: Rooster | E6: Level 5 Crypt | F6: =IF(E6="", "", IF(COUNTIF(ChestType!$A$5:$A$195, E6)>0, VLOOKUP(E6, ChestType!$A$5:$B$195, 2, 0), "Others")) -> L5 Crypt | H6: Attila the hun | J6: ARBA33 | M6: 1 | T6: 1 | V6: 2
A7: 46153.431 | B7: Gifts | C7: Barbarian Chest | D7: Frekasa | E7: Level 5 Crypt | F7: =IF(E7="", "", IF(COUNTIF(ChestType!$A$5:$A$195, E7)>0, VLOOKUP(E7, ChestType!$A$5:$B$195, 2, 0), "Others")) -> L5 Crypt | H7: Bomfur | J7: Attila the hun | K7: 6 | O7: 4 | Q7: 2 | V7: 12
A8: 46153.431 | B8: Gifts | C8: Bone Chest | D8: Frekasa | E8: Level 5 Crypt | F8: =IF(E8="", "", IF(COUNTIF(ChestType!$A$5:$A$195, E8)>0, VLOOKUP(E8, ChestType!$A$5:$B$195, 2, 0), "Others")) -> L5 Crypt | H8: BORU | J8: BORU | M8: 1 | T8: 2 | V8: 3
A9: 46153.431 | B9: Gifts | C9: Elegant Chest | D9: Frekasa | E9: Level 5 Crypt | F9: =IF(E9="", "", IF(COUNTIF(ChestType!$A$5:$A$195, E9)>0, VLOOKUP(E9, ChestType!$A$5:$B$195, 2, 0), "Others")) -> L5 Crypt | H9: Burgs | J9: Burgs | M9: 4 | O9: 1 | P9: 1 | U9: 6 | V9: 12
A10: 46153.431 | B10: Gifts | C10: Bone Chest | D10: Frekasa | E10: Level 5 Crypt | F10: =IF(E10="", "", IF(COUNTIF(ChestType!$A$5:$A$195, E10)>0, VLOOKUP(E10, ChestType!$A$5:$B$195, 2, 0), "Others")) -> L5 Crypt | H10: CAPONE | J10: Chili Peppers | K10: 3 | O10: 7 | V10: 10
A11: 46153.431 | B11: Gifts | C11: Rare Dragon Chest | D11: Maedrafir | E11: Level 10 rare Crypt | F11: =IF(E11="", "", IF(COUNTIF(ChestType!$A$5:$A$195, E11)>0, VLOOKUP(E11, ChestType!$A$5:$B$195, 2, 0), "Others")) -> L10 Rare Crypt | H11: Chili Peppers | J11: CongulusMurat | M11: 1 | T11: 1 | V11: 2
A12: 46153.431 | B12: Gifts | C12: Gladiator's Chest | D12: Frekasa | E12: Arena | F12: =IF(E12="", "", IF(COUNTIF(ChestType!$A$5:$A$195, E12)>0, VLOOKUP(E12, ChestType!$A$5:$B$195, 2, 0), "Others")) -> Others | H12: CongulusMurat | J12: crabb | M12: 1 | N12: 1 | V12: 2
A13: 46153.431 | B13: Gifts | C13: Union Chest | D13: Stuff | E13: Union of Triumph personal reward | F13: =IF(E13="", "", IF(COUNTIF(ChestType!$A$5:$A$195, E13)>0, VLOOKUP(E13, ChestType!$A$5:$B$195, 2, 0), "Others")) -> Others | H13: crabb | J13: Der Morg | M13: 1 | U13: 1 | V13: 2
A14: 46153.431 | B14: Gifts | C14: Union Chest | D14: Stuff | E14: Union of Triumph personal reward | F14: =IF(E14="", "", IF(COUNTIF(ChestType!$A$5:$A$195, E14)>0, VLOOKUP(E14, ChestType!$A$5:$B$195, 2, 0), "Others")) -> Others | H14: Der Morg | J14: Eyvening | R14: 1 | V14: 1
A15: 46153.431 | B15: Gifts | C15: Union Chest | D15: Stuff | E15: Union of Triumph personal reward | F15: =IF(E15="", "", IF(COUNTIF(ChestType!$A$5:$A$195, E15)>0, VLOOKUP(E15, ChestType!$A$5:$B$195, 2, 0), "Others")) -> Others | H15: Diananaya | J15: Finfiring | M15: 1 | T15: 3 | V15: 4
A16: 46153.431 | B16: Gifts | C16: Union Chest | D16: Stuff | E16: Union of Triumph personal reward | F16: =IF(E16="", "", IF(COUNTIF(ChestType!$A$5:$A$195, E16)>0, VLOOKUP(E16, ChestType!$A$5:$B$195, 2, 0), "Others")) -> Others | H16: Eyvening | J16: Gozahn | K16: 3 | M16: 20 | O16: 11 | P16: 1 | U16: 2 | V16: 37
A17: 46153.431 | B17: Gifts | C17: Union Chest | D17: Stuff | E17: Union of Triumph personal reward | F17: =IF(E17="", "", IF(COUNTIF(ChestType!$A$5:$A$195, E17)>0, VLOOKUP(E17, ChestType!$A$5:$B$195, 2, 0), "Others")) -> Others | H17: Finfiring | J17: Jennifer | M17: 2 | V17: 2
A18: 46153.431 | B18: Gifts | C18: Union Chest | D18: Stuff | E18: Union of Triumph personal reward | F18: =IF(E18="", "", IF(COUNTIF(ChestType!$A$5:$A$195, E18)>0, VLOOKUP(E18, ChestType!$A$5:$B$195, 2, 0), "Others")) -> Others | H18: Frekasa | J18: Lirosin | T18: 1 | V18: 1
A19: 46153.431 | B19: Gifts | C19: Union Chest | D19: Stuff | E19: Union of Triumph personal reward | F19: =IF(E19="", "", IF(COUNTIF(ChestType!$A$5:$A$195, E19)>0, VLOOKUP(E19, ChestType!$A$5:$B$195, 2, 0), "Others")) -> Others | H19: Gozahn | J19: Luar | K19: 6 | M19: 2 | O19: 2 | T19: 2 | V19: 12
A20: 46153.431 | B20: Gifts | C20: Union Chest | D20: Stuff | E20: Union of Triumph personal reward | F20: =IF(E20="", "", IF(COUNTIF(ChestType!$A$5:$A$195, E20)>0, VLOOKUP(E20, ChestType!$A$5:$B$195, 2, 0), "Others")) -> Others | H20: Ishnnin | J20: Maedrafir | N20: 1 | V20: 1
A21: 46153.431 | B21: Gifts | C21: Union Chest | D21: Stuff | E21: Union of Triumph personal reward | F21: =IF(E21="", "", IF(COUNTIF(ChestType!$A$5:$A$195, E21)>0, VLOOKUP(E21, ChestType!$A$5:$B$195, 2, 0), "Others")) -> Others | H21: Jennifer | J21: Megrinad | M21: 1 | V21: 1
A22: 46153.431 | B22: Gifts | C22: Sand Chest | D22: Stuff | E22: Level 10 Crypt | F22: =IF(E22="", "", IF(COUNTIF(ChestType!$A$5:$A$195, E22)>0, VLOOKUP(E22, ChestType!$A$5:$B$195, 2, 0), "Others")) -> L10 Crypt | H22: Lirosin | J22: MindraNivera | M22: 6 | T22: 23 | V22: 29
A23: 46153.431 | B23: Gifts | C23: Wooden Chest | D23: Gozahn | E23: Clash for the Throne tournament | F23: =IF(E23="", "", IF(COUNTIF(ChestType!$A$5:$A$195, E23)>0, VLOOKUP(E23, ChestType!$A$5:$B$195, 2, 0), "Others")) -> Others | H23: Luar | J23: Nettle | K23: 6 | O23: 1 | P23: 7 | U23: 3 | V23: 17
A24: 46153.431 | B24: Gifts | C24: Turtle Chest | D24: Gozahn | E24: Level 15 epic Crypt | F24: =IF(E24="", "", IF(COUNTIF(ChestType!$A$5:$A$195, E24)>0, VLOOKUP(E24, ChestType!$A$5:$B$195, 2, 0), "Others")) -> L15 Epic Crypt | H24: Maedrafir | J24: ROD | T24: 1 | V24: 1
A25: 46153.431 | B25: Gifts | C25: Gladiator's Chest | D25: Gozahn | E25: Arena | F25: =IF(E25="", "", IF(COUNTIF(ChestType!$A$5:$A$195, E25)>0, VLOOKUP(E25, ChestType!$A$5:$B$195, 2, 0), "Others")) -> Others | H25: Magyarock | J25: Rooster | M25: 4 | T25: 7 | V25: 11
A26: 46153.431 | B26: Gifts | C26: Orc Chest | D26: Gozahn | E26: Level 15 Crypt | F26: =IF(E26="", "", IF(COUNTIF(ChestType!$A$5:$A$195, E26)>0, VLOOKUP(E26, ChestType!$A$5:$B$195, 2, 0), "Others")) -> L15 Crypt | H26: Megrinad | J26: sillovr | M26: 8 | O26: 1 | T26: 5 | V26: 14
A27: 46153.431 | B27: Gifts | C27: Orc Chest | D27: Gozahn | E27: Level 15 Crypt | F27: =IF(E27="", "", IF(COUNTIF(ChestType!$A$5:$A$195, E27)>0, VLOOKUP(E27, ChestType!$A$5:$B$195, 2, 0), "Others")) -> L15 Crypt | H27: MindraNivera | J27: Sinwing | K27: 6 | M27: 2 | N27: 1 | O27: 1 | T27: 1 | V27: 11
A28: 46153.431 | B28: Gifts | C28: Orc Chest | D28: Gozahn | E28: Level 15 Crypt | F28: =IF(E28="", "", IF(COUNTIF(ChestType!$A$5:$A$195, E28)>0, VLOOKUP(E28, ChestType!$A$5:$B$195, 2, 0), "Others")) -> L15 Crypt | H28: Nettle | J28: Stuff | M28: 10 | U28: 9 | V28: 19
A29: 46153.431 | B29: Gifts | C29: Orc Chest | D29: Gozahn | E29: Level 15 Crypt | F29: =IF(E29="", "", IF(COUNTIF(ChestType!$A$5:$A$195, E29)>0, VLOOKUP(E29, ChestType!$A$5:$B$195, 2, 0), "Others")) -> L15 Crypt | H29: Pehely | J29: Tiimo807 | M29: 1 | T29: 1 | V29: 2
A30: 46153.431 | B30: Gifts | C30: Orc Chest | D30: Gozahn | E30: Level 15 Crypt | F30: =IF(E30="", "", IF(COUNTIF(ChestType!$A$5:$A$195, E30)>0, VLOOKUP(E30, ChestType!$A$5:$B$195, 2, 0), "Others")) -> L15 Crypt | H30: ROD | J30: Toastman | M30: 2 | O30: 1 | V30: 3
A31: 46153.431 | B31: Gifts | C31: Orc Chest | D31: Gozahn | E31: Level 15 Crypt | F31: =IF(E31="", "", IF(COUNTIF(ChestType!$A$5:$A$195, E31)>0, VLOOKUP(E31, ChestType!$A$5:$B$195, 2, 0), "Others")) -> L15 Crypt | H31: Rooster | J31: Van Jazzle | M31: 4 | T31: 2 | V31: 6
A32: 46153.431 | B32: Gifts | C32: Orc Chest | D32: Gozahn | E32: Level 15 Crypt | F32: =IF(E32="", "", IF(COUNTIF(ChestType!$A$5:$A$195, E32)>0, VLOOKUP(E32, ChestType!$A$5:$B$195, 2, 0), "Others")) -> L15 Crypt | H32: sillovr | J32: Yondu | M32: 1 | O32: 4 | V32: 5
A33: 46153.431 | B33: Gifts | C33: Orc Chest | D33: Gozahn | E33: Level 15 Crypt | F33: =IF(E33="", "", IF(COUNTIF(ChestType!$A$5:$A$195, E33)>0, VLOOKUP(E33, ChestType!$A$5:$B$195, 2, 0), "Others")) -> L15 Crypt | H33: Sinwing | J33: Zulkigore | M33: 1 | T33: 1 | V33: 2
A34: 46153.431 | B34: Gifts | C34: Orc Chest | D34: Gozahn | E34: Level 15 Crypt | F34: =IF(E34="", "", IF(COUNTIF(ChestType!$A$5:$A$195, E34)>0, VLOOKUP(E34, ChestType!$A$5:$B$195, 2, 0), "Others")) -> L15 Crypt | H34: Sparta | J34: CAPONE | M34: 1 | P34: 1 | T34: 1 | V34: 3
A35: 46153.431 | B35: Gifts | C35: Orc Chest | D35: Gozahn | E35: Level 15 Crypt | F35: =IF(E35="", "", IF(COUNTIF(ChestType!$A$5:$A$195, E35)>0, VLOOKUP(E35, ChestType!$A$5:$B$195, 2, 0), "Others")) -> L15 Crypt | H35: Stuff | J35: Sparta | M35: 1 | V35: 1
A36: 46153.431 | B36: Gifts | C36: Orc Chest | D36: Gozahn | E36: Level 10 Crypt | F36: =IF(E36="", "", IF(COUNTIF(ChestType!$A$5:$A$195, E36)>0, VLOOKUP(E36, ChestType!$A$5:$B$195, 2, 0), "Others")) -> L10 Crypt | H36: Tiimo807 | J36: Diananaya | K36: 6 | V36: 6
A37: 46153.431 | B37: Gifts | C37: Orc Chest | D37: Gozahn | E37: Level 10 Crypt | F37: =IF(E37="", "", IF(COUNTIF(ChestType!$A$5:$A$195, E37)>0, VLOOKUP(E37, ChestType!$A$5:$B$195, 2, 0), "Others")) -> L10 Crypt | H37: Toastman | J37: Frekasa | K37: 15 | M37: 3 | O37: 4 | P37: 5 | Q37: 1 | S37: 4 | T37: 4 | U37: 1 | V37: 37
A38: 46153.431 | B38: Gifts | C38: Orc Chest | D38: Gozahn | E38: Level 10 Crypt | F38: =IF(E38="", "", IF(COUNTIF(ChestType!$A$5:$A$195, E38)>0, VLOOKUP(E38, ChestType!$A$5:$B$195, 2, 0), "Others")) -> L10 Crypt | H38: Van Jazzle | J38: Ishnnin | T38: 5 | V38: 5
A39: 46153.431 | B39: Gifts | C39: Orc Chest | D39: Gozahn | E39: Level 10 Crypt | F39: =IF(E39="", "", IF(COUNTIF(ChestType!$A$5:$A$195, E39)>0, VLOOKUP(E39, ChestType!$A$5:$B$195, 2, 0), "Others")) -> L10 Crypt | H39: Yondu | J39: Bomfur | M39: 1 | T39: 2 | V39: 3
A40: 46153.431 | B40: Gifts | C40: Orc Chest | D40: Gozahn | E40: Level 10 Crypt | F40: =IF(E40="", "", IF(COUNTIF(ChestType!$A$5:$A$195, E40)>0, VLOOKUP(E40, ChestType!$A$5:$B$195, 2, 0), "Others")) -> L10 Crypt | H40: Zulkigore | J40: Pehely | M40: 2 | V40: 2
A41: 46153.431 | B41: Gifts | C41: Orc Chest | D41: Gozahn | E41: Level 10 Crypt | F41: =IF(E41="", "", IF(COUNTIF(ChestType!$A$5:$A$195, E41)>0, VLOOKUP(E41, ChestType!$A$5:$B$195, 2, 0), "Others")) -> L10 Crypt | J41: Magyarock | K41: 6 | M41: 1 | V41: 7
A42: 46153.431 | B42: Gifts | C42: Orc Chest | D42: Gozahn | E42: Level 10 Crypt | F42: =IF(E42="", "", IF(COUNTIF(ChestType!$A$5:$A$195, E42)>0, VLOOKUP(E42, ChestType!$A$5:$B$195, 2, 0), "Others")) -> L10 Crypt | J42: Grand Total | K42: 63 | L42: 1 | M42: 86 | N42: 3 | O42: 37 | P42: 15 | Q42: 3 | R42: 1 | S42: 4 | T42: 64 | U42: 24 | V42: 301
A43: 46153.431 | B43: Gifts | C43: Orc Chest | D43: Gozahn | E43: Level 10 Crypt | F43: =IF(E43="", "", IF(COUNTIF(ChestType!$A$5:$A$195, E43)>0, VLOOKUP(E43, ChestType!$A$5:$B$195, 2, 0), "Others")) -> L10 Crypt
A44: 46153.431 | B44: Gifts | C44: Orc Chest | D44: Gozahn | E44: Level 10 Crypt | F44: =IF(E44="", "", IF(COUNTIF(ChestType!$A$5:$A$195, E44)>0, VLOOKUP(E44, ChestType!$A$5:$B$195, 2, 0), "Others")) -> L10 Crypt
A45: 46153.431 | B45: Gifts | C45: Orc Chest | D45: Gozahn | E45: Level 10 Crypt | F45: =IF(E45="", "", IF(COUNTIF(ChestType!$A$5:$A$195, E45)>0, VLOOKUP(E45, ChestType!$A$5:$B$195, 2, 0), "Others")) -> L10 Crypt
A46: 46153.431 | B46: Gifts | C46: Orc Chest | D46: Gozahn | E46: Level 10 Crypt | F46: =IF(E46="", "", IF(COUNTIF(ChestType!$A$5:$A$195, E46)>0, VLOOKUP(E46, ChestType!$A$5:$B$195, 2, 0), "Others")) -> L10 Crypt
A47: 46153.431 | B47: Gifts | C47: Orc Chest | D47: Gozahn | E47: Level 10 Crypt | F47: =IF(E47="", "", IF(COUNTIF(ChestType!$A$5:$A$195, E47)>0, VLOOKUP(E47, ChestType!$A$5:$B$195, 2, 0), "Others")) -> L10 Crypt
A48: 46153.431 | B48: Gifts | C48: Orc Chest | D48: Gozahn | E48: Level 10 Crypt | F48: =IF(E48="", "", IF(COUNTIF(ChestType!$A$5:$A$195, E48)>0, VLOOKUP(E48, ChestType!$A$5:$B$195, 2, 0), "Others")) -> L10 Crypt
A49: 46153.431 | B49: Gifts | C49: Orc Chest | D49: Gozahn | E49: Level 10 Crypt | F49: =IF(E49="", "", IF(COUNTIF(ChestType!$A$5:$A$195, E49)>0, VLOOKUP(E49, ChestType!$A$5:$B$195, 2, 0), "Others")) -> L10 Crypt
A50: 46153.431 | B50: Gifts | C50: Orc Chest | D50: Gozahn | E50: Level 10 Crypt | F50: =IF(E50="", "", IF(COUNTIF(ChestType!$A$5:$A$195, E50)>0, VLOOKUP(E50, ChestType!$A$5:$B$195, 2, 0), "Others")) -> L10 Crypt
A51: 46153.431 | B51: Gifts | C51: Orc Chest | D51: Gozahn | E51: Level 10 Crypt | F51: =IF(E51="", "", IF(COUNTIF(ChestType!$A$5:$A$195, E51)>0, VLOOKUP(E51, ChestType!$A$5:$B$195, 2, 0), "Others")) -> L10 Crypt
A52: 46153.431 | B52: Gifts | C52: Orc Chest | D52: Gozahn | E52: Level 10 Crypt | F52: =IF(E52="", "", IF(COUNTIF(ChestType!$A$5:$A$195, E52)>0, VLOOKUP(E52, ChestType!$A$5:$B$195, 2, 0), "Others")) -> L10 Crypt
A53: 46153.431 | B53: Gifts | C53: Orc Chest | D53: Gozahn | E53: Level 10 Crypt | F53: =IF(E53="", "", IF(COUNTIF(ChestType!$A$5:$A$195, E53)>0, VLOOKUP(E53, ChestType!$A$5:$B$195, 2, 0), "Others")) -> L10 Crypt
A54: 46153.431 | B54: Gifts | C54: Orc Chest | D54: Gozahn | E54: Level 10 Crypt | F54: =IF(E54="", "", IF(COUNTIF(ChestType!$A$5:$A$195, E54)>0, VLOOKUP(E54, ChestType!$A$5:$B$195, 2, 0), "Others")) -> L10 Crypt
... A302: 46153.667 | B302: Gifts | C302: Sand Chest | D302: Toastman | E302: Level 10 Crypt | F302: =IF(E302="", "", IF(COUNTIF(ChestType!$A$5:$A$195, E302)>0, VLOOKUP(E302, ChestType!$A$5:$B$195, 2, 0), "Others")) -> L10 Crypt

Sheet LastWeek
A1: datetime | B1: tab | C1: chest | D1: from | E1: source | F1: legalized | H1: Row Labels | J1: Count of source | K1: Column Labels
A2: 46143.046 | B2: Gifts | C2: Elegant Chest | D2: Railrining | E2: Level 15 Crypt | F2: L15 Crypt | H2: Absolutus | J2: Row Labels | K2: Ancients Chests | L2: Ancients Vault | M2: Bank | N2: L10 Citadel | O2: L10 Crypt | P2: L10 Rare Crypt | Q2: L15 Citadel | R2: L15 Crypt | S2: L15 Epic Crypt | T2: L15 Rare Crypt | U2: L20 Citadel | V2: L20 Crypt | W2: L20 Epic Crypt | X2: L20 Rare Crypt | Y2: L5 Crypt | Z2: Others | AA2: Grand Total
A3: 46143.046 | B3: Gifts | C3: Pacified Mimic Chest | D3: Bella | E3: Mimic Chest | F3: Others | H3: Agagas | J3: Absolutus | M3: 3 | N3: 2 | O3: 17 | Y3: 7 | Z3: 5 | AA3: 34
A4: 46143.046 | B4: Gifts | C4: Gnome Workshop Chest | D4: Burgs | E4: Level 10 Crypt | F4: L10 Crypt | H4: AL CAPONE | J4: Agagas | K4: 5 | O4: 7 | R4: 2 | Y4: 7 | AA4: 21
A5: 46143.046 | B5: Gifts | C5: Bone Chest | D5: Burgs | E5: Level 10 Crypt | F5: L10 Crypt | H5: aladred | J5: AL CAPONE | N5: 1 | O5: 3 | R5: 1 | Y5: 18 | Z5: 1 | AA5: 24
A6: 46143.046 | B6: Gifts | C6: Pacified Mimic Chest | D6: Burgs | E6: Mimic Chest | F6: Others | H6: Amr ibn al Aas | J6: aladred | M6: 12 | N6: 1 | O6: 3 | P6: 11 | R6: 2 | T6: 1 | Y6: 5 | AA6: 35
A7: 46143.046 | B7: Gifts | C7: Infernal Chest | D7: Tomuro | E7: Level 15 Crypt | F7: L15 Crypt | H7: Angel | J7: Amr ibn al Aas | O7: 24 | P7: 6 | R7: 9 | S7: 2 | Y7: 3 | Z7: 3 | AA7: 47
A8: 46143.046 | B8: Gifts | C8: Elegant Chest | D8: CongulusMurat | E8: Level 5 Crypt | F8: L5 Crypt | H8: Arardin | J8: Angel | K8: 13 | M8: 15 | N8: 1 | O8: 2 | P8: 1 | R8: 24 | S8: 3 | Z8: 7 | AA8: 66
A9: 46143.046 | B9: Gifts | C9: Gnome Workshop Chest | D9: Zulkigore | E9: Level 5 Crypt | F9: L5 Crypt | H9: ARBA33 | J9: Arardin | N9: 1 | O9: 2 | Y9: 2 | Z9: 1 | AA9: 6
A10: 46143.046 | B10: Gifts | C10: Cobra Chest | D10: Tomuro | E10: Level 20 Crypt | F10: L20 Crypt | H10: Attila the hun | J10: ARBA33 | O10: 9 | R10: 1 | Y10: 13 | AA10: 23
A11: 46143.046 | B11: Gifts | C11: Stone Chest | D11: Ferodad | E11: Level 15 Crypt | F11: L15 Crypt | H11: Aurithris | J11: Attila the hun | K11: 5 | M11: 69 | N11: 25 | O11: 3 | P11: 3 | Q11: 3 | R11: 17 | S11: 3 | T11: 8 | Z11: 19 | AA11: 155
A12: 46143.046 | B12: Gifts | C12: Cobra Chest | D12: Ferodad | E12: Level 10 Crypt | F12: L10 Crypt | H12: bb steboulet 2 | J12: Aurithris | Z12: 4 | AA12: 4
A13: 46143.046 | B13: Triumphal Gifts | C13: Golden Chest | D13: Tomuro | E13: Bank | F13: Bank | H13: Bella | J13: bb steboulet 2 | Z13: 1 | AA13: 1
A14: 46143.046 | B14: Triumphal Gifts | C14: Golden Chest | D14: Tomuro | E14: Bank | F14: Bank | H14: Bilesi | J14: Bella | L14: 2 | M14: 6 | O14: 1 | P14: 1 | R14: 11 | Z14: 5 | AA14: 26
A15: 46143.046 | B15: Triumphal Gifts | C15: Golden Chest | D15: Tomuro | E15: Bank | F15: Bank | H15: Bomfur | J15: Bilesi | Z15: 1 | AA15: 1
A16: 46143.046 | B16: Triumphal Gifts | C16: Wooden Chest | D16: Attila the hun | E16: Bank | F16: Bank | H16: BORU | J16: BORU | L16: 2 | N16: 4 | O16: 22 | P16: 4 | R16: 8 | S16: 3 | Y16: 22 | Z16: 5 | AA16: 70
A17: 46143.046 | B17: Triumphal Gifts | C17: Wooden Chest | D17: Attila the hun | E17: Bank | F17: Bank | H17: Burgs | J17: Burgs | K17: 8 | L17: 6 | M17: 6 | N17: 7 | O17: 99 | P17: 10 | Q17: 3 | R17: 15 | S17: 10 | T17: 4 | U17: 1 | V17: 2 | Y17: 5 | Z17: 37 | AA17: 213
A18: 46143.046 | B18: Triumphal Gifts | C18: Wooden Chest | D18: Attila the hun | E18: Bank | F18: Bank | H18: CAPONE | J18: CarpeVino | M18: 12 | N18: 9 | O18: 40 | P18: 9 | Q18: 1 | R18: 2 | S18: 6 | T18: 2 | Y18: 3 | Z18: 2 | AA18: 86
A19: 46143.074 | B19: Gifts | C19: Cursed Citadel Chest | D19: Tomuro | E19: Level 20 Citadel | F19: L20 Citadel | H19: CarpeVino | J19: Celmeena | K19: 18 | L19: 1 | M19: 3 | N19: 2 | O19: 24 | R19: 17 | Z19: 7 | AA19: 72
A20: 46143.074 | B20: Gifts | C20: Rare Dragon Chest | D20: Chili Peppers | E20: Level 20 rare Crypt | F20: L20 Rare Crypt | H20: Celmeena | J20: Chili Peppers | K20: 5 | L20: 11 | M20: 9 | O20: 45 | P20: 1 | R20: 107 | S20: 13 | T20: 1 | V20: 4 | W20: 2 | X20: 1 | Z20: 15 | AA20: 214
A21: 46143.074 | B21: Gifts | C21: Rare Dragon Chest | D21: Lil Thog of Boomtown | E21: Level 10 rare Crypt | F21: L10 Rare Crypt | H21: Chili Peppers | J21: CongulusMurat | O21: 18 | Y21: 7 | Z21: 3 | AA21: 28
A22: 46143.074 | B22: Gifts | C22: Rare Dragon Chest | D22: Lil Thog of Boomtown | E22: Level 10 rare Crypt | F22: L10 Rare Crypt | H22: CongulusMurat | J22: crabb | K22: 13 | N22: 3 | O22: 126 | P22: 26 | R22: 5 | S22: 6 | Y22: 11 | Z22: 13 | AA22: 203
A23: 46143.074 | B23: Gifts | C23: Infernal Chest | D23: Yondu | E23: Level 10 Crypt | F23: L10 Crypt | H23: crabb | J23: Darus735 | K23: 4 | M23: 6 | N23: 1 | O23: 5 | P23: 2 | R23: 1 | Y23: 1 | Z23: 2 | AA23: 22
A24: 46143.074 | B24: Gifts | C24: Rare Dragon Chest | D24: Lil Thog of Boomtown | E24: Level 10 rare Crypt | F24: L10 Rare Crypt | H24: Darus735 | J24: Der Morg | K24: 5 | O24: 9 | R24: 7 | Y24: 5 | Z24: 8 | AA24: 34
A25: 46143.074 | B25: Gifts | C25: Mayan Chest | D25: Yondu | E25: Level 15 Crypt | F25: L15 Crypt | H25: Der Morg | J25: Earar | K25: 5 | N25: 2 | O25: 5 | Y25: 2 | Z25: 2 | AA25: 16
A26: 46143.074 | B26: Gifts | C26: Barbarian Chest | D26: Yondu | E26: Level 10 Crypt | F26: L10 Crypt | H26: Diananaya | J26: Elaref | K26: 4 | M26: 18 | N26: 1 | O26: 17 | P26: 1 | Q26: 1 | R26: 17 | S26: 5 | T26: 1 | Y26: 10 | Z26: 9 | AA26: 84
A27: 46143.074 | B27: Gifts | C27: Stone Chest | D27: Luchfirilas | E27: Level 5 Crypt | F27: L5 Crypt | H27: Earar | J27: Eyvening | K27: 8 | M27: 3 | N27: 52 | O27: 93 | P27: 52 | R27: 22 | S27: 7 | V27: 1 | Y27: 3 | Z27: 3 | AA27: 244
A28: 46143.074 | B28: Gifts | C28: Mayan Chest | D28: Yondu | E28: Level 15 Crypt | F28: L15 Crypt | H28: Elaref | J28: Ferodad | K28: 26 | L28: 3 | M28: 27 | N28: 19 | O28: 47 | P28: 19 | Q28: 12 | R28: 22 | S28: 8 | T28: 13 | Y28: 29 | Z28: 6 | AA28: 231
A29: 46143.074 | B29: Gifts | C29: Bone Chest | D29: Yondu | E29: Level 10 Crypt | F29: L10 Crypt | H29: Eyvening | J29: Finfiring | K29: 5 | N29: 1 | O29: 18 | P29: 1 | Y29: 64 | Z29: 3 | AA29: 92
A30: 46143.074 | B30: Gifts | C30: Rare Dragon Chest | D30: Lil Thog of Boomtown | E30: Level 10 rare Crypt | F30: L10 Rare Crypt | H30: federking | J30: Glitched | Y30: 18 | AA30: 18
A31: 46143.074 | B31: Gifts | C31: Bone Chest | D31: Luchfirilas | E31: Level 10 Crypt | F31: L10 Crypt | H31: Ferodad | J31: Gozahn | M31: 3 | O31: 21 | R31: 11 | S31: 1 | Y31: 3 | Z31: 2 | AA31: 41
A32: 46143.074 | B32: Gifts | C32: Forgotten Chest | D32: Yondu | E32: Level 10 Crypt | F32: L10 Crypt | H32: Finfiring | J32: Iver | R32: 2 | Z32: 1 | AA32: 3
A33: 46143.074 | B33: Gifts | C33: Rare Dragon Chest | D33: Lil Thog of Boomtown | E33: Level 10 rare Crypt | F33: L10 Rare Crypt | H33: Frekasa | J33: Jennifer | O33: 27 | Z33: 3 | AA33: 30
A34: 46143.074 | B34: Gifts | C34: Mayan Chest | D34: Yondu | E34: Level 15 Crypt | F34: L15 Crypt | H34: Gleranir | J34: Kaachou | K34: 26 | M34: 6 | N34: 15 | O34: 67 | P34: 14 | Q34: 1 | R34: 20 | S34: 5 | T34: 1 | Z34: 19 | AA34: 174
A35: 46143.074 | B35: Gifts | C35: Rare Dragon Chest | D35: Lil Thog of Boomtown | E35: Level 10 rare Crypt | F35: L10 Rare Crypt | H35: Glitched | J35: Kathrilis | M35: 3 | N35: 1 | Y35: 3 | Z35: 4 | AA35: 11
A36: 46143.074 | B36: Gifts | C36: Warrior's Chest | D36: Yondu | E36: Level 20 epic Crypt | F36: L20 Epic Crypt | H36: Gozahn | J36: Kibur | O36: 12 | Y36: 3 | AA36: 15
A37: 46143.074 | B37: Gifts | C37: Rare Dragon Chest | D37: Lil Thog of Boomtown | E37: Level 10 rare Crypt | F37: L10 Rare Crypt | H37: Ishnnin | J37: Lefinan | M37: 3 | O37: 14 | R37: 6 | S37: 6 | Y37: 6 | Z37: 5 | AA37: 40
A38: 46143.074 | B38: Gifts | C38: Scarab Chest | D38: Yondu | E38: Level 15 epic Crypt | F38: L15 Epic Crypt | H38: Iver | J38: Lil Thog of Boomtown | K38: 17 | M38: 9 | N38: 4 | O38: 14 | P38: 40 | R38: 102 | S38: 22 | Z38: 35 | AA38: 243
A39: 46143.074 | B39: Gifts | C39: Rare Dragon Chest | D39: Lil Thog of Boomtown | E39: Level 10 rare Crypt | F39: L10 Rare Crypt | H39: Jennifer | J39: Lirosin | O39: 16 | Y39: 4 | Z39: 2 | AA39: 22
A40: 46143.074 | B40: Gifts | C40: Minotaur Chest | D40: Chili Peppers | E40: Level 20 epic Crypt | F40: L20 Epic Crypt | H40: Kaachou | J40: Luar | K40: 26 | M40: 27 | N40: 1 | O40: 37 | P40: 1 | R40: 18 | S40: 4 | T40: 1 | Y40: 36 | Z40: 12 | AA40: 163
A41: 46143.074 | B41: Gifts | C41: Mayan Chest | D41: Yondu | E41: Level 20 Crypt | F41: L20 Crypt | H41: Kathrilis | J41: Luchfirilas | O41: 2 | R41: 1 | S41: 1 | Y41: 8 | Z41: 2 | AA41: 14
A42: 46143.074 | B42: Gifts | C42: Rare Dragon Chest | D42: Lil Thog of Boomtown | E42: Level 10 rare Crypt | F42: L10 Rare Crypt | H42: Kibur | J42: Maedrafir | K42: 13 | L42: 5 | N42: 9 | O42: 1 | P42: 10 | Q42: 2 | R42: 6 | S42: 1 | T42: 2 | V42: 2 | Z42: 10 | AA42: 61
A43: 46143.074 | B43: Triumphal Gifts | C43: Wooden Chest | D43: Darus735 | E43: Bank | F43: Bank | H43: King Oliver | J43: Mario | O43: 5 | R43: 1 | Y43: 1 | Z43: 4 | AA43: 11
A44: 46143.074 | B44: Triumphal Gifts | C44: Wooden Chest | D44: Darus735 | E44: Bank | F44: Bank | H44: Lefinan | J44: Megrinad | M44: 3 | O44: 10 | Y44: 20 | Z44: 2 | AA44: 35
A45: 46143.074 | B45: Triumphal Gifts | C45: Wooden Chest | D45: Darus735 | E45: Bank | F45: Bank | H45: Lil Thog of Boomtown | J45: MindraNivera | K45: 4 | M45: 3 | O45: 10 | Y45: 65 | Z45: 16 | AA45: 98
A46: 46143.074 | B46: Triumphal Gifts | C46: Wooden Chest | D46: Kathrilis | E46: Bank | F46: Bank | H46: Lirosin | J46: Mohamed | O46: 2 | AA46: 2
A47: 46143.074 | B47: Triumphal Gifts | C47: Wooden Chest | D47: Kathrilis | E47: Bank | F47: Bank | H47: Luar | J47: morgana | O47: 6 | Y47: 18 | Z47: 5 | AA47: 29
A48: 46143.074 | B48: Triumphal Gifts | C48: Wooden Chest | D48: Kathrilis | E48: Bank | F48: Bank | H48: Luchfirilas | J48: Nettle | K48: 41 | L48: 21 | M48: 78 | O48: 56 | R48: 110 | S48: 13 | V48: 26 | W48: 3 | Z48: 14 | AA48: 362
A49: 46143.12 | B49: Gifts | C49: Elegant Chest | D49: Totaur | E49: Level 10 Crypt | F49: L10 Crypt | H49: Maedrafir | J49: Pfunk | K49: 13 | L49: 1 | N49: 4 | O49: 3 | P49: 4 | R49: 8 | Y49: 1 | Z49: 7 | AA49: 41
A50: 46143.12 | B50: Gifts | C50: Union Chest | D50: Kaachou | E50: Union of Triumph personal reward | F50: Others | H50: Magyarock | J50: Railrining | M50: 24 | N50: 2 | O50: 43 | R50: 8 | Z50: 2 | AA50: 79
A51: 46143.12 | B51: Gifts | C51: Union Chest | D51: Kaachou | E51: Union of Triumph personal reward | F51: Others | H51: Mario | J51: Rayan | K51: 13 | L51: 2 | O51: 2 | Y51: 3 | Z51: 11 | AA51: 31
A52: 46143.12 | B52: Gifts | C52: Union Chest | D52: Kaachou | E52: Union of Triumph personal reward | F52: Others | H52: Megrinad | J52: Rhys | M52: 12 | O52: 13 | Q52: 1 | R52: 6 | S52: 3 | T52: 2 | V52: 3 | W52: 1 | X52: 1 | Y52: 7 | Z52: 2 | AA52: 51
A53: 46143.12 | B53: Gifts | C53: Union Chest | D53: Kaachou | E53: Union of Triumph personal reward | F53: Others | H53: MindraNivera | J53: ROD | K53: 5 | N53: 1 | O53: 14 | R53: 7 | S53: 2 | Y53: 8 | Z53: 7 | AA53: 44
A54: 46143.12 | B54: Gifts | C54: Union Chest | D54: Kaachou | E54: Union of Triumph personal reward | F54: Others | H54: Mohamed | J54: Rooster | K54: 4 | M54: 3 | N54: 4 | O54: 75 | P54: 7 | Y54: 109 | Z54: 15 | AA54: 217
A55: 46143.12 | B55: Gifts | C55: Union Chest | D55: Kaachou | E55: Union of Triumph personal reward | F55: Others | H55: morgana | J55: SalahTime | K55: 13 | L55: 7 | M55: 15 | N55: 2 | O55: 8 | P55: 4 | R55: 3 | S55: 5 | T55: 2 | U55: 1 | Y55: 6 | Z55: 15 | AA55: 81
A56: 46143.12 | B56: Gifts | C56: Forgotten Chest | D56: Lirosin | E56: Level 10 Crypt | F56: L10 Crypt | H56: Nettle | J56: sillovr | K56: 4 | O56: 17 | R56: 3 | Y56: 24 | Z56: 2 | AA56: 50
A57: 46143.12 | B57: Gifts | C57: Elven Citadel Chest | D57: Totaur | E57: Level 10 Citadel | F57: L10 Citadel | H57: Oliver | J57: Sinwing | K57: 13 | M57: 6 | N57: 1 | O57: 22 | P57: 2 | R57: 11 | S57: 4 | Y57: 9 | Z57: 7 | AA57: 75
A58: 46143.12 | B58: Gifts | C58: Orc Chest | D58: Chili Peppers | E58: Level 10 Crypt | F58: L10 Crypt | H58: Pehely | J58: Stuff | K58: 4 | O58: 86 | R58: 1 | S58: 2 | Y58: 2 | Z58: 33 | AA58: 128
A59: 46143.12 | B59: Gifts | C59: Bone Chest | D59: Chili Peppers | E59: Level 10 Crypt | F59: L10 Crypt | H59: pepe | J59: TEAM GB | M59: 6 | O59: 7 | Y59: 5 | Z59: 2 | AA59: 20
A60: 46143.12 | B60: Gifts | C60: Gnome Workshop Chest | D60: Chili Peppers | E60: Level 10 Crypt | F60: L10 Crypt | H60: Pfunk | J60: Thommy Black | O60: 13 | Y60: 21 | Z60: 1 | AA60: 35
A61: 46143.12 | B61: Gifts | C61: Sand Chest | D61: Zulkigore | E61: Level 5 Crypt | F61: L5 Crypt | H61: Railrining | J61: Tiimo807 | L61: 1 | M61: 3 | O61: 3 | Y61: 4 | Z61: 3 | AA61: 14
A62: 46143.12 | B62: Triumphal Gifts | C62: Wooden Chest | D62: Totaur | E62: Bank | F62: Bank | H62: Rayan | J62: Toastman | M62: 18 | O62: 31 | P62: 25 | Q62: 1 | R62: 62 | S62: 5 | T62: 1 | Y62: 3 | Z62: 6 | AA62: 152
A63: 46143.12 | B63: Triumphal Gifts | C63: Wooden Chest | D63: Totaur | E63: Bank | F63: Bank | H63: Rhys | J63: Tomuro | L63: 2 | M63: 57 | N63: 2 | O63: 3 | P63: 28 | Q63: 3 | R63: 3 | S63: 3 | T63: 2 | U63: 7 | V63: 6 | W63: 1 | X63: 3 | Z63: 12 | AA63: 132
A64: 46143.12 | B64: Triumphal Gifts | C64: Wooden Chest | D64: Totaur | E64: Bank | F64: Bank | H64: ROD | J64: Totaur | K64: 9 | L64: 1 | M64: 27 | N64: 3 | O64: 25 | P64: 5 | R64: 2 | S64: 2 | Y64: 19 | Z64: 2 | AA64: 95
A65: 46143.528 | B65: Gifts | C65: Elven Citadel Chest | D65: Tomuro | E65: Level 15 Citadel | F65: L15 Citadel | H65: Rooster | J65: Van Jazzle | M65: 6 | O65: 77 | P65: 1 | Y65: 9 | Z65: 13 | AA65: 106
A66: 46143.528 | B66: Gifts | C66: Gladiator's Chest | D66: Luchfirilas | E66: Arena | F66: Others | H66: SalahTime | J66: Vasfris | L66: 4 | O66: 8 | R66: 2 | S66: 2 | T66: 1 | Z66: 11 | AA66: 28
A67: 46143.528 | B67: Gifts | C67: Elven Citadel Chest | D67: Tomuro | E67: Level 20 Citadel | F67: L20 Citadel | H67: sillovr | J67: Volk | K67: 4 | O67: 1 | R67: 3 | Y67: 1 | AA67: 9
A68: 46143.528 | B68: Gifts | C68: Gladiator's Chest | D68: Luchfirilas | E68: Arena | F68: Others | H68: Sinwing | J68: wiiikaaaa | K68: 4 | N68: 1 | O68: 5 | R68: 15 | S68: 1 | Y68: 2 | Z68: 4 | AA68: 32
A69: 46143.528 | B69: Gifts | C69: Sand Chest | D69: Luchfirilas | E69: Level 5 Crypt | F69: L5 Crypt | H69: Sparta | J69: Yondu | K69: 17 | L69: 11 | M69: 9 | O69: 110 | P69: 1 | Q69: 1 | R69: 57 | S69: 5 | T69: 1 | V69: 8 | W69: 1 | Y69: 40 | Z69: 8 | AA69: 269
A70: 46143.528 | B70: Gifts | C70: Stone Chest | D70: Luchfirilas | E70: Level 5 Crypt | F70: L5 Crypt | H70: steboulet 2 | J70: Zulkigore | O70: 20 | Y70: 24 | Z70: 1 | AA70: 45
A71: 46143.528 | B71: Gifts | C71: Forgotten Chest | D71: Luchfirilas | E71: Level 5 Crypt | F71: L5 Crypt | H71: Stuff | J71: King Oliver | K71: 13 | M71: 9 | O71: 11 | R71: 12 | S71: 1 | Y71: 7 | Z71: 4 | AA71: 57
A72: 46143.528 | B72: Gifts | C72: Infernal Chest | D72: Luchfirilas | E72: Level 5 Crypt | F72: L5 Crypt | H72: TEAM GB | J72: CAPONE | N72: 1 | O72: 10 | R72: 1 | S72: 1 | Y72: 42 | Z72: 2 | AA72: 57
A73: 46143.528 | B73: Gifts | C73: Barbarian Chest | D73: Van Jazzle | E73: Level 10 Crypt | F73: L10 Crypt | H73: Thommy Black | J73: Gleranir | K73: 4 | N73: 1 | O73: 1 | R73: 1 | Y73: 2 | AA73: 9
A74: 46143.528 | B74: Gifts | C74: Barbarian Chest | D74: Van Jazzle | E74: Level 10 Crypt | F74: L10 Crypt | H74: Tiimo807 | J74: federking | O74: 1 | R74: 1 | AA74: 2
A75: 46143.528 | B75: Gifts | C75: Gladiator's Chest | D75: Bella | E75: Arena | F75: Others | H75: Tiimo8g07 | J75: Sparta | O75: 4 | AA75: 4
A76: 46143.528 | B76: Gifts | C76: Mayan Chest | D76: Stuff | E76: Level 10 Crypt | F76: L10 Crypt | H76: Toastman | J76: Oliver | R76: 1 | AA76: 1
A77: 46143.528 | B77: Gifts | C77: Sand Chest | D77: Van Jazzle | E77: Level 5 Crypt | F77: L5 Crypt | H77: Tomuro | J77: steboulet 2 | K77: 4 | O77: 1 | AA77: 5
A78: 46143.528 | B78: Gifts | C78: Stone Chest | D78: Van Jazzle | E78: Level 10 Crypt | F78: L10 Crypt | H78: Totaur | J78: pepe | O78: 1 | AA78: 1
A79: 46143.528 | B79: Gifts | C79: Stone Chest | D79: Angel | E79: Level 15 Crypt | F79: L15 Crypt | H79: Van Jazzle | J79: Tiimo8g07 | O79: 1 | AA79: 1
A80: 46143.528 | B80: Gifts | C80: Elegant Chest | D80: crabb | E80: Level 10 Crypt | F80: L10 Crypt | H80: Vasfris | J80: Diananaya | M80: 6 | O80: 1 | AA80: 7
A81: 46143.528 | B81: Gifts | C81: Abandoned Chest | D81: Luchfirilas | E81: Level 15 epic Crypt | F81: L15 Epic Crypt | H81: Volk | J81: Frekasa | M81: 15 | O81: 3 | R81: 4 | S81: 5 | T81: 1 | W81: 4 | Y81: 4 | Z81: 1 | AA81: 37
A82: 46143.528 | B82: Gifts | C82: Elegant Chest | D82: crabb | E82: Level 10 Crypt | F82: L10 Crypt | H82: wiiikaaaa | J82: Ishnnin | Y82: 5 | AA82: 5
A83: 46143.528 | B83: Gifts | C83: Stone Chest | D83: crabb | E83: Level 10 Crypt | F83: L10 Crypt | H83: Yondu | J83: Bomfur | O83: 1 | Y83: 2 | AA83: 3
A84: 46143.528 | B84: Gifts | C84: Elven Citadel Chest | D84: BORU | E84: Level 10 Citadel | F84: L10 Citadel | H84: Zulkigore | J84: Pehely | O84: 2 | AA84: 2
A85: 46143.528 | B85: Gifts | C85: Elegant Chest | D85: Vasfris | E85: Level 10 Crypt | F85: L10 Crypt | J85: Magyarock | M85: 6 | O85: 1 | AA85: 7
A86: 46143.528 | B86: Gifts | C86: Orc Chest | D86: BORU | E86: Level 10 Crypt | F86: L10 Crypt | J86: Grand Total | K86: 375 | L86: 80 | M86: 546 | N86: 184 | O86: 1563 | P86: 289 | Q86: 29 | R86: 778 | S86: 160 | T86: 44 | U86: 9 | V86: 52 | W86: 12 | X86: 5 | Y86: 761 | Z86: 469 | AA86: 5356
A87: 46143.528 | B87: Gifts | C87: Cursed Citadel Chest | D87: Tomuro | E87: Level 20 Citadel | F87: L20 Citadel
A88: 46143.528 | B88: Gifts | C88: Rare Dragon Chest | D88: Tomuro | E88: Level 10 rare Crypt | F88: L10 Rare Crypt
A89: 46143.528 | B89: Gifts | C89: Rare Dragon Chest | D89: Tomuro | E89: Level 10 rare Crypt | F89: L10 Rare Crypt
A90: 46143.528 | B90: Gifts | C90: Rare Dragon Chest | D90: Tomuro | E90: Level 10 rare Crypt | F90: L10 Rare Crypt
A91: 46143.528 | B91: Gifts | C91: Rare Dragon Chest | D91: Tomuro | E91: Level 10 rare Crypt | F91: L10 Rare Crypt
A92: 46143.528 | B92: Gifts | C92: Rare Dragon Chest | D92: Tomuro | E92: Level 10 rare Crypt | F92: L10 Rare Crypt
A93: 46143.528 | B93: Gifts | C93: Rare Dragon Chest | D93: Tomuro | E93: Level 10 rare Crypt | F93: L10 Rare Crypt
A94: 46143.528 | B94: Gifts | C94: Rare Dragon Chest | D94: Tomuro | E94: Level 10 rare Crypt | F94: L10 Rare Crypt
A95: 46143.528 | B95: Gifts | C95: Rare Dragon Chest | D95: Tomuro | E95: Level 10 rare Crypt | F95: L10 Rare Crypt
A96: 46143.528 | B96: Gifts | C96: Rare Dragon Chest | D96: Tomuro | E96: Level 10 rare Crypt | F96: L10 Rare Crypt
A97: 46143.528 | B97: Gifts | C97: Rare Dragon Chest | D97: Tomuro | E97: Level 10 rare Crypt | F97: L10 Rare Crypt
A98: 46143.528 | B98: Gifts | C98: Rare Dragon Chest | D98: Tomuro | E98: Level 10 rare Crypt | F98: L10 Rare Crypt
... A5056: 46152.963 | B5056: Gifts | C5056: Infernal Chest | D5056: ARBA33 | E5056: Level 5 Crypt | F5056: L5 Crypt

Sheet ChestType
A5: Level 5 Crypt | B5: L5 Crypt
A6: Level 10 Crypt | B6: L10 Crypt
A7: Level 15 Crypt | B7: L15 Crypt
A8: Level 20 Crypt | B8: L20 Crypt
A9: Level 25 Crypt | B9: L25 Crypt
A10: Level 10 rare Crypt | B10: L10 Rare Crypt
A11: Level 15 rare Crypt | B11: L15 Rare Crypt
A12: Level 20 rare Crypt | B12: L20 Rare Crypt
A13: Level 25 rare Crypt | B13: L25 Rare Crypt
A14: Level 30 rare Crypt | B14: L30 Rare Crypt
A15: Level 15 epic Crypt | B15: L15 Epic Crypt
A16: Level 20 epic Crypt | B16: L20 Epic Crypt
... A98: Epic Chimera squad | B98: Epic Monster Chests
